Company_Name,E-mail,Website,Address,Contact,Company_Service_Type
All of us here,isabella@allofushere.tv,allofushere.tv/about,"14 Suffolk Road, London, Sw13 9NB",,"Animation, Production"
Alchemy,andrew@alchemy.studio,alchemy.studio,"Studio BK114, Brickfields, 37 Cremer Street, London, E2 8HD",,"Animation, VFX"
A + C Studios,paul@aplsuc.tv,aplusc.tv,"The Old Laundry, St John’s Road, Margate, Kent, CT9 1LU",+44 (0) 7703 297669,Animation
1stAveMachine London,infolondon@1stavemachine.com,www.1stavemachine.com,"Tea Building, 56 Shoreditch High St, London, E1 6JJ, UK",0203 206 6450,"Animation, Production"
Ammolite,info@ammoliteinc.com,www.ammoliteinc.com,"30 Market Place, London, W1W 8AP",,"Animation, VFX, Production"
Animated Storyboards,mallory@animatedstoryboards.com,www.animatedstoryboards.com,"10 John Street, London, WC1N 2EB",+44 (0)20 7734 1653,Animation
Blind Pig,creative@blindpig.tv,www.blindpig.tv,"19-21 Mortimer Street, London, W1T 3JE",+44 (0)207 851 6700,"Animation, Sound Design, VFX"
Art Engine,james@art-engine.com,www.art-engine.com,"1st Floor, 28 Shacklewell Lane, London, E8 2EZ",+44 (0) 7469898871,"Animation, Stills, Production"
Bad Star Studios,production@badstar.studio,www.badstar.studio,"15 & 7 Acacia Business Centre, Leytonstone, London, E11 3PJ",+44 (0)20 8558 5599,"Animation, Stills, VFX, Production"
BlinkInk,hello@blinkink.co.uk,blinkink.co.uk,"Unit 1, Tramways House, 377 Camden Road, London, N70SH",2039091760,"Animation, VFX"
Cardel,info@cardelentertainment.com,cardelentertainment.com,"First Floor, 85 Great Portland Street, London, W1W7LT",+44 (0) 20 3745 2412,"Animation, Production"
Dan Tobin Smith Studio,Hannah@dantobinsmith.com,www.dantobinsmith.com,"52c Whitmore Road, Upper Ground / First Floor, London, N1 5QG",+44 207 033 9880,"Animation, Stills, VFX, Production"
Curate Films,madeleine@curatefilms.com,curatefilms.com,"8 Windmill Street, W1T 2JE, London",020 3832 8563,"Animation, Production"
Blue Zoo Animation Studio,info@blue-zoo.co.uk,www.blue-zoo.co.uk,"Blue Zoo Productions Ltd, Chesterfield House, 385 Euston Road, London, NW1 3AU",+44 (0)20 7434 4111,Animation
DBLG,hello@dblg.co.uk,dblg.co.uk,"Unit 6.12, Fora, 21-33 Great Eastern St, London, EC2A 3EH",020 72494880,"Animation, VFX"
Dimension Studio,hello@dimensionstudio.co,www.dimensionstudio.co,"Unit 35, Wimbledon Business Centre, Riverside Road, London, SW17 0BA",0203 8899 0000,"Animation, Gaming, Virtual Production, Experience (Events,Immersive theatre,Installations,Dome,Theme parks), 360 Video, Augmented Reality / XR, VFX, Virtual Reality, Production"
Ecstasy of Gold,info@ecstasyofgold.co.uk,ecstasyofgold.co.uk,"Unit 26, 92-96, De Beauvoir Road, London, N1 4EN",,"Animation, Editing, Stills, Sound Design, Production"
Electric Theatre Collective,INFO@ELECTRICTHEATRE.TV,electrictheatre.tv,"102 Cavell Street, London, E1 2JA",020 7636 5317,"Animation, VFX"
Equinox,jess@equinox-tv.co.uk,equinox-tv.co.uk,"Suite 3.07, Arrive: Tomorrow Building, Media City UK, Salford, M50 2AB",,"Animation, Editing, Stills, Sound Design, Music Production, VFX, Production"
Flying Duck Studio Lab,contact@flyingduckstudiolab.co.uk,flyingduckstudiolab.co.uk,"Flying Duck Coworking, The Birchcliffe Centre, Hebden Bridge, HX7 8DG",+44 (0)7517060213,"Animation, Sound Design, VFX, Production"
Framestore,info@framestore.com,www.framestore.com,"28 Chancery Lane, London, WC2A 1LB",+44 (0)20 7344 8000,"Animation, VFX, Production"
Feed Me Light,info@feedmelight.com,www.feedmelight.com,"Studio 4 (Fourth Floor), 19-23 Kingsland Road, London, E2 8AA",0203 289 2090,Animation
FRIEND,info@friendlondon.tv,www.friendlondon.tv,"2nd Floor East, 1-5 Clerkenwell Road, London, EC1M 5PA",+44 (0)20 3397 3111,"Animation, Production"
Gusto Film,"tom@gusto.film, jasmine@gusto.film",www.gusto.film,"Floor 4, 8-14 Vine Hill, London, EC1R 5DX, Floor 2, 17 Jubilee St, Brighton, BN1 1GE",,"Animation, Editing, Stills, Sound Design, Music Production, Production"
Golden Wolf,hello@goldenwolf.tv,goldenwolf.tv,"North Block, Green Mews, 13-19 Bevenden Street, London, N1 6AS",+44 (0) 207 253 6977,Animation
Immigrant,miles@immigrant.studio,www.immigrant.studio,"Langebrogade 4 1411, Copenhagen, Denmark",,"Animation, Production"
Inspired Thinking Group (ITG) Ltd,chloeguest@teamitg.com,www.itgcapture.com,"315 Fort Dunlop, Fort Parkway, Birmingham, United Kingdom, B24 9FD",7702568680,"Animation, Stills, VFX, Production"
Intro,intro@intro-uk.com,www.intro-uk.com,,+44 (0)20 7324 3244,"Animation, VFX, Production"
Jelly,hello@thisisjelly.com,www.thisisjelly.com,"9-10 Great Sutton Street, London, EC1V 0BX",+44 (0)20 7323 3307,Animation
Irresistible Studios,hello@irresistiblestudios.com,irresistiblestudios.com,"28 Hanbury Street, London, E1 6QR",+44 (0) 20 3871 7393,"Animation, Stills, VFX, Production"
Light VFX,oliviam@lightvfx.com,lightvfx.com,"LIGHT Visual Effects Ltd., 62 Frith Street, 1st Floor, London, W1D 3JN",,"Animation, VFX"
Moth Studio,info@moth.studio,www.moth.studio,"Studio 309, Netil House, 1 Westgate St, London, E8 3RL",+44 (0)20 3095 9759,Animation
Method Films,paul@methodfilms.co,www.methodfilms.co,"Unit 2, Building A3, Design District, 8 Monro wy, London, SE10 0EJ",,"Animation, Stills, Production"
KILLER Art + Production,"hello@killerartproduction.com, lu@killerartproduction.com",www.killerartproduction.com,,+44 (0) 7977 221549,"Animation, Editing, Sound Design, Music Production, VFX, Stills, Production"
Nexus Studios,info@nexusstudios.com,nexusstudios.com,"Nexus Studios, 25 Chart Street, London, N1 6FA",+44 (0)20 7749 7500,"Animation, Gaming, Virtual Production, Experience (Events,Immersive theatre,Installations,Dome,Theme parks), 360 Video, Augmented Reality / XR, VFX, Virtual Reality, Production"
Noe & Associates,info@noeassociates.com,noeassociates.com,"Mortimer House, 37-41 Mortimer Street, London, W1T 3JH",+44 (0) 207 139 4460,"Animation, Stills, Production"
Mummu,hello@mummu.co.uk,www.mummu.co.uk,"Unit 4:07, The Tea Building, 56 Shoreditch High Street, London, E1 6JJ",+44 20 3962 2076,Animation
MPC,press@moving-picture.com,www.moving-picture.com,"11-14 Windmill Street, London, W1T 2JG",+44 (0)20 7434 3100,"Animation, VFX"
Not To Scale,hello@nottoscale.tv,www.nottoscale.tv,"Not To Scale, 98a Curtain Road, London, EC2A 3AA",+44 (0)20 7734 4575,Animation
Brave Spark,sayhi@bravespark.com,bravespark.com,"34 Bow Street, London, WC2E 7AU",+44 (0)207 490 7740,"Gaming, Stills, 360 Video, Production"
Future Deluxe,london@futuredeluxe.com,futuredeluxe.com,"91-93 Charterhouse St, London, EC1M 6HR",+44 (0) 203 5421774,"Gaming, Virtual Production, VFX, Production"
NOMINT,london@nomint.com,www.nomint.com,"18 East Tenter Street, London, E1 8DN",+44 (0) 20 8004 6604,Animation
Media.Monks,pr@mediamonks.com,media.monks.com,,+44 (0)20 7440 3580,"Gaming, Virtual Production, Experience (Events,Immersive theatre,Installations,Dome,Theme parks), 360 Video, Augmented Reality / XR, Virtual Reality, Production"
Unit 9,info@unit9.com,www.unit9.com,"12 Swan Yard, London, N1 1SD",+44 (0)207 613 3330,"Gaming, Virtual Production, Experience (Events,Immersive theatre,Installations,Dome,Theme parks), 360 Video, Augmented Reality / XR, Virtual Reality, VFX, Production"
Final Pixel,info@finalpixel.com,finalpixel.com,"180 Strand, Temple, London, WC2R 1EA",+44 (0) 203 051 9669,Virtual Production
HELO,info@flyhelo.com,www.flyhelo.com,"125-127, Mare Street, London, E5 0RQ",+44 (0)7848 303000,"Virtual Production, Experience (Events,Immersive theatre,Installations,Dome,Theme parks), Augmented Reality / XR, Virtual Reality, Production"
Passion,info@passion-pictures.com,www.passion-pictures.com,"Passion Pictures Ltd, 33-34 Rathbone Place, London, W1T 1JN",+44 (0)20 7323 9933,"Virtual Production, Experience (Events,Immersive theatre,Installations,Dome,Theme parks), 360 Video, Augmented Reality / XR, Virtual Reality, Animation, Production"
Pebble Studios,mark.witherow@pebblestudios.co.uk,www.pebblestudios.co.uk,"Pebble Studios, 19A Phipp Street, London, EC2A 4NP",+44 (0)207 993 5112,"Virtual Production, Experience (Events,Immersive theatre,Installations,Dome,Theme parks), 360 Video, Augmented Reality / XR, Virtual Reality, Animation, Production"
Territory Studio,hello@territorystudio.com,territorystudio.com,"28–29 Great Sutton Street, London, EC1V 0DS",+44 (0)203 141 9430,"Virtual Production, Animation, VFX"
Absolute,producers.ldn@absolutepost.com,absolutepost.com,"Absolute London, 19-21 Mortimer Street, London, W1T 3JE",+44 (0)20 7851 6700,"Editing, VFX"
Brother,info@brotherfilmco.com,brotherfilmco.com,"Unit 307, Peckham Levels, 95A Rye Lane, London, SE15 4ST",,"Editing, Sound Design, Music Production, Production"
Avenues Studio,info@avenues.studio,www.avenues.studio,"3rd Floor, 26-28 SHACKLEWELL LANE, LONDON, E8 2EZ",+44 (0) 20 8057 0246,Editing
Cabin Edit,kayt@cabinedit.com,www.cabinedit.com,"Cabin Edit Ltd, 6th Floor Charlotte Building, 17 Gresse Street, London, UK, W1T 1QL",,Editing
Doma,jake@doma.works,www.doma.works,"CC211 The Biscuit Factory, 100 Drummond Road, London, SE16 4DG",,"Editing, VFX"
Edit Egg,john@editegg.com,editegg.com,"Unit 7, 37-42 Charlotte Rd, London, EC2A 3PG",,"Editing, VFX"
DIFFER,niall@differstudio.co.uk,www.differstudio.co.uk,"61 Elmfield Crescent, Moseley, Birmingham, B13 9TL",,"Editing, Stills, Production"
Final Cut,michelle_c@finalcut-edit.com,www.finalcut-edit.com,"Final Cut Ltd, 3rd Floor, 13-14 Margaret Street, London, W1W  8RN",+44 (0)20 7636 1464,Editing
FORM,hello@form.london,www.form.london,,,"Editing, Production"
Goya Productions,info@goyaproductions.co.uk,www.goyaproductions.co.uk/portfolio,"45 Leys Road, Torquay, Devon, TQ26EB",,"Editing, Production"
Imagine This,toby@imaginethis.studio,www.imaginethis.studio,"103 Effingham Road, SE128NT",+44 (0)7590496305,"Editing, Stills, Music Production, VFX, Production"
Loft Films,info@loft-films.com,www.loft-films.com,"UNIT 38, 1 Emma Street, London, E2 9FP",,"Editing, Production"
Greenroom Films,film@greenroomfilms.com,www.greenroomfilms.com,"32 Maritime Street, Edinburgh, EH6 6SE",,"Editing, Production"
Marshall Street Editors,production@mse.tv,www.mse.tv,"Marshall Street Editors, 8-9 Carlisle Street, London, W1D 3BP",+44 (0)20 7434 0101,"Editing, Sound Design"
Nomad,liv@nomadedit.com,www.nomadedit.com,"Great Suffolk Yard, 127-131 Great Suffolk Street, London, SE1 1PP",020 8036 6000,"Editing, VFX"
MG Empower,gabriela@mgempower.com,mgempower.com,"37 Cremer St, London E2 8HD",+44(0)7717021450,"Editing, Stills, Production"
Meraki London,hikmat@merakiproduction.com,www.merakiproduction.com,"20 Haverstock Hill, NW3 2BL",,"Editing, Stills, Production"
Ocurens,london@ocurens.com,www.ocurens.com,,,"Editing, Stills, VFX, Production"
Posthuman,hello@posthuman.studio,posthuman.studio,"Suite 5, 5th floor, City Reach, 5 Greenwich View Place, London, E14 9NN",,"Editing, Sound Design, Music Production, Animation, Stills, VFX"
Oh My,jodie@ohmycreative.co.uk,www.ohmycreative.co.uk,"3rd Floor, Baird House, 15-17 St Cross Street, EC1N 8UW",,"Editing, Production"
Oskein,mail@oskein.com,www.oskein.com,"28-30 Coronet Street, Shoreditch, London, N1 6HD",,"Editing, Stills, Production"
Okay Studio,info@okaystudio.co.uk,okaystudio.co.uk,"18 Ashwin Street, London, E8 3DL",0207 127 0764,"Editing, VFX"
Sliced Studio,will@slicedstudio.com,www.slicedstudio.com,"F24 Parkhall, West Dulwich, London, SE21 8EN",,"Editing, Animation, VFX, Production"
Shift Post,Kirsty@shiftpost.tv,shiftpost.tv,"Studio 16, Shoreditch Works, 2-20 Scrutton Street, London, EC2A 4RJ",+44  (0) 207 459 4033,Editing
Private Island,helen@privateisland.tv,privateisland.tv,"Unit 1, 84 Teesdale St, London E2 6PU, United Kingdom",,"Editing, Animation, VFX, Production"
Stitch Editing,"angela@stitchediting.tv, alice@stitchediting.tv",www.stitchediting.tv,"STITCH, 14 Newburgh Street, London, W1F 7RT, Angela Hart, MD - angela@stitchediting.tv, Alice Clarke, EP - alice@stitchediting.tv, Maggie McDermott, Senior Producer - maggie@stitchediting.tv, Sarah Adewunmi, Junior/Homespun Producer - sarah@stitchediting.tv",020 3056 5000,Editing
Stratostorm,gio@stratostorm.com,www.stratostorm.com,"24 Wood Lane, W12 0HT",,"Editing, Animation, VFX, Production"
Studio Private,hello@studioprivate.co.uk,studioprivate.co.uk,"4B Tyssen Street, Dalston, London, E8 2FJ",+44 (0)20 7613 0495,"Editing, Stills, VFX"
Storm & Shelter,hello@stormandshelter.com,stormandshelter.com,"13 Mount Stuart Square, Cardiff, CF10 5EE",+44 (0)2920 251255,"Editing, Animation, Production"
tenthree Editing,ed@tenthree.co.uk,www.tenthree.co.uk,"tenthree Editing, 1-2 Lower James St, Soho, London, W1F 9EG",2072870842,Editing
The Assembly Rooms,info@theassemblyrooms.tv,theassemblyrooms.tv,"58 Frith Street, London, W1D 3JQ",+ 44 (0)20 7437 1052,Editing
The Quarry,tor@the-quarry.co.uk,www.the-quarry.co.uk,"5th Floor, 1 Alfred Mews, The Heals Building, Tottenham Court Road, London, W1T 7AA",020 7437 4961,Editing
Transmission,office@wearetransmission.com,www.wearetransmission.com,"124 City Road, London, EC1V 2NX",,"Editing, Sound Design, Music Production, Animation, VFX, Production"
The Berry,ryan@theberry.uk,www.theberry.uk,"Mainyard Studios, 90-94 Wallis Road, Hackney Wick, London, E9 5LN",,"Editing, Animation, VFX, Production"
The Nest Post,hello@thenestpost.co.uk,www.thenestpost.co.uk,"2-4 Sampson Street, London, E1W 1NA",+44 (0)207 480 4340,"Editing, Sound Design, VFX"
&FRIENDS!,"work@andfriends.world, community@andfriends.world",www.andfriends.world,"The Ministry, 89-91 Borough Road, London, SE1 1DN",+44 (0) 7739 305 216,"Stills, Production"
24 Productions,enquiries@24productions.co.uk,www.24productions.co.uk,"35 Lonsdale Rd, London, NW6 6RA",+44 207 637  1473,"Stills, Production"
33RED Films,"millie.ansari@thirtythree.co.uk, andy.mihov@thirtythree.co.uk",www.33redfilms.co.uk,Creating employer brands worldwide,,"Stills, Production"
2DM PRODUCTION,office@wtmedia.co.uk,2dm-production.com,"17 Amhurst Terrace, Lower Clapton, E8 2BT, London, UK",0044 749 642 6562,"Stills, Production"
A&R Creative,anita@aandrcreative.com,www.aandrcreative.com,"63-66 Hatton Gardens, London, EC1N 8LE",,"Stills, Production"
Academy Films,reception@academyfilms.com,www.academyfilms.com,"Academy Films Ltd, 16 West Central Street, London, WC1A 1JJ",+44 (0)20 7395 4155,"Stills, Production"
Amelia & Co.,amelia@ameliaandco.com,www.ameliaandco.com,"Unit 3, Albion Business Centre, 78 Albion Road, Edinburgh, EH7 5QZ",,Stills
Amplify,anita@weareamplify.com,www.weareamplify.com,"27 Paul Street, London, EC2A 4JU",+44 (0) 20 7382 6222,"Stills, Production"
AprilMay Productions,contact@aprilmay.london,www.aprilmay.london,"B112 Parkhall, 40 Martell Road, SE21 8EN, London, United Kingdom",+44 20 3189 1171,"Stills, Production"
Bellhouse,info@bellhouseltd.com,,"7 Princelet Street, E1 6QH, London, United Kingdom",+44 (0) 203 621 3980,"Stills, Production"
AWA,angela@awa.london,angelawoods.com,"4 THE CARLTON TAVERN, 73 GRAFTON ROAD, LONDON NW5 4BB",,"Stills, Production"
Camp Productions,hello@camp.productions,www.camp.productions,"75 Bernard Street, St Albans, AL3 5QL",,"Stills, Production"
BiRTH,kate@birth.tv,www.birth.tv,"10 Orange Street, Haymarket, London, UK, WC2H &DQ",+44 7970 943 464,"Stills, Production"
CANADA,london@canadacanada.com,canadacanada.com,"Unit 1, Waterside, 44-48 Wharf Road, London, N1 7UX",+44 203 371 7652,"Stills, Production"
Bite Collective,hello@bitecollective.com,bitecollective.com,"Studio A, Mica House, Barnsbury Square, London, N1 1RN",+44 (0)20 3095 5245,"Stills, Production"
Creative Blood,LONDON@CREATIVEBLOODAGENCY.COM,creativebloodagency.com,"17 Willow Street, London, EC2A 4BH",+44 (0)20 7613 2719,"Stills, Production"
Curious Productions,info@curious-productions.co.uk,www.curious-productions.co.uk,"3-4 Bakers Yard, London, EC1R 3DD",+44 (0) 203 823 1440,"Stills, VFX, Production"
Concrete Rep,georg@concreterep.com,concreterep.com,"111 – 113 ST JOHN STREET, LONDON, EC1V 4JA, UNITED KINGDOM",,"Stills, Production"
Dawn,"dawnmoretti@dawnproduction.com, dawnmoretti@dawnproduction.com",www.dawnproduction.com,,7831855541,"Stills, Production"
Forward Slash,studio@forwardslashinc.co,forwardslashinc.co,London E8,,"Stills, Production"
Formidable,info@formidable.media,formidable.media,"106-110 Kentish Town Road, London, NW1 9PX",,"Stills, Production"
Eightyseven Productions,lolly@eightysevenproductions.com,www.eightysevenproductions.com,,,Stills
Fresh Base Productions,info@fresh-base.com,www.fresh-base.com,"Yonder, 6 Hookers Road, London, E17 6DP",,"Stills, Production"
Guts and Glory Films,daniella@gutsandgloryfilms.co.uk,gutsandgloryfilms.co.uk,"Second Home, 125 - 127 Mare Street, London, E8 3SJ",+44 (0) 7964 777 119,"Stills, Production"
Good Things Happen LTD,amy@goodthingshappenltd.com,www.goodthingshappenltd.com,"PAPER MILL STUDIOS, 9 CITY GARDEN ROW, LONDON, N1 8DW",+44 (0) 207 780 7499,"Stills, Production"
Holmes Production,info@holmesproduction.com,www.holmesproduction.com,"2-3 Hanover Yard, London, N1 8YA",0207 148 0757,"Stills, Production"
INK Creative,ivana@inkcreative.com,inkcreative.com/about,"65a Camberwell Church St, London, SE5 8TR",+44 (0)7785 390 721,"Stills, Production"
Industry Art,sophie@industryart.com,www.industryart.com,"85 Essex Road, London, N1 2SF",+44 (0)20 7226 7705,"Stills, Production"
JJ Media,"enquiries@jjlocations.com, production@jjmedia.com",jjmedia.com,"17a Perseverance Works, 25-27 Hackney Road, London, E2 8DD",+44 (0)207 749 0500,"Stills, Production"
750 mph,olivia.ray@750mph.com,www.750mph.com,"750mph, 20 Golden Square, London, W1F 9JL",+44 (0)20 7534 9999,Sound Design
A-MNEMONIC,"hello@a-mnemonic.com, rob@a-mnemonic.com",www.a-mnemonic.com,"27 Lexington Street, Soho, London, W1F 9AQ",+44 (0)20 7700 7871,"Sound Design, Music Production"
Company 3,ellora.soret@company3.com,www.company3.com,"28 Chancery Lance, London, WC2A 1LB",,"Sound Design, VFX"
DLMDD,info@dlmdd.com,dlmdd.com,"79-81 Borough Road, London, SE1 1DN",+44 (0)20 3886 0975,"Sound Design, Music Production"
Factory Studios,info@factory.uk.com,www.factory.uk.com,"Factory Studios, 54/55 Margaret Street, London, W1W 8SH",0207 580 5810,Sound Design
Finger Music,clare@fingermusic.tv,www.fingermusic.tv,"Ground Floor Rear, 8 Windmill Street, London, W1T 2JE",0207 636 9987,"Sound Design, Music Production"
GuiltFree,info@guiltfreepost.com,www.guiltfreepost.com,"Dean St Studios, 59 Dean St, London, W1D 6AN",,"Sound Design, Music Production"
Jungle Studios,bookings@junglestudios.co.uk,www.junglestudios.co.uk,"143-145 Wardour Street, London, W1F 8WB",+44 (0)20 7734 2000,"Sound Design, Music Production"
Little Things,"lindsay@littlethingssoundstudios.com, chris@littlethingssoundstudios.com",www.littlethingssoundstudios.com,"Little Things An Independent Sound Studio, 1st Floor, 8–12 Broadwick Street, London, W1F 8HW",+44 (0)20 7437 5225,"Sound Design, Music Production"
Machine,rebecca@machinesound.co,www.machinesound.co,"15-19 Great Titchfield Street, 2nd Floor, W1W 8AZ",+44 (0) 20 7636 1464,"Sound Design, Music Production"
No.8,barny@no8london.com,no8london.com,"8 Portland Mews, Soho, London, W1F 8JH",+44 (0) 20 7479 4400,"Sound Design, Music Production, VFX"
Pitch & Sync,info@pitchandsync.com,pitchandsync.com,"7 Swanfield Street (Unit 1), London, E2 7DW",+ 44 (0) 20 7033 9681,"Sound Design, Music Production"
RASCAL,"james@rascalpost.com, production@rascalpost.com",rascalstudio.com,"RASCAL, 73A Leonard Street, EC2A 4QS",+ 44 (0) 20 3870 9111,"Sound Design, VFX"
Sine Audio,producers@sineaudio.tv,sineaudio.tv,"5th Floor, 14-18 Great Titchfield Street, London, W1W 8BD",,Sound Design
Studio Salamanca,scuta@studiosalamanca.com,studiosalamanca.com,"Unit 1, Eastbrook House, Brooksby’s Walk, London, E9 6FW",+44 7779 120339,"Sound Design, Music Production"
Sound Industries,info@soundindustries.com,www.soundindustries.com,"45A Brewer Street, London, W1F 9UE",,"Sound Design, Music Production"
Velvet,jess@velvet-tv.com,www.velvet-tv.com,"Suite 3.07, Arrive: Tomorrow Building, Media City UK, Salford, M50 2AB",,"Sound Design, Music Production, Animation, Editing, VFX, Stills, Production"
Virtual Sound,"production@virtualsound.co, toby@virtualsound.co",virtualsound.co,"111 Charterhouse Street, London, EC1M 6AW.",+44 (0) 203 2903 808,Sound Design
Wave Studios,production@wavestudios.co.uk,www.wavestudios.co.uk,"32 Great Pulteney Street, London, W1F 9NW",+44 (0)207 439 8080,Sound Design
UNIT,production@unit.tv,www.unit.tv,"Unit Studios, 10 Berners Mews, Fitzrovia, London W1T 3AP",+44 (0) 203 985 8600,"Sound Design, VFX"
De Wolfe Music,info@dewolfemusic.co.uk,www.dewolfemusic.com,"Queens House, 4th Floor, 180 – 182 Tottenham Court Road, London W1T 7PD",020 7631 3600,Music Production
Audio Network,office@audionetwork.com,www.audionetwork.com,"The Johnson Building, 77 Hatton Garden, London, EC1N 8JS",+44 (0)20 7566 1441,Music Production
Eclectic Sounds,cliff@eclectic.tv,www.eclectic.tv,"1A Flaxman Court, Soho, London, W1F 0AU",+44 (0)2074 943311,Music Production
Felt Music,hello@feltmusic.com,www.feltmusic.com,"75 Berwick St, Soho, London, W1F 8TG",020 7287 1233,Music Production
KO Music (Kay Oskwarek Music Co.),"andy@ko-music.com, info@ko-music.com",www.ko-music.com,,07900 958 048,Music Production
MassiveMusic,paul@massivemusic.com,massivemusic.com,"133 Curtain Road, London, EC2A 3BX",+44 (0)20 7324 7500,Music Production
Mcasso Music Production,music@mcasso.com,mcasso.com,"32-34 Great Marlborough St., London, W1F 7JB",+44 (0)20 7734 3664,Music Production
LELAND,hello@leland.co,leland.co,"6 Tremlett Mews, London, N19 5PP",,Music Production
Presence,hello@presence.team,www.presence.team,"17 GRESSE STREET, LONDON, W1T 1QL",+44 (0)20 7439 3130,"360 Video, Augmented Reality / XR, Virtual Reality, Production"
No Sheet Music,elle@nosheetmusic.tv,www.nosheetmusic.tv,"Work Life Farringdon, 120 Aldersgate St, Barbican, London, EC1A 4JQ",+44 (0) 7532764742,Music Production
RESISTER,hello@resistermusic.com,resistermusic.com,"120-124 Curtain Road, London, EC2A 3SQ",+44 (0) 7979598514,Music Production
Whitecoat,James@whitecoat.tv,www.whitecoat.tv,"Whitecoat Singapore | 2 Alexandra Rd, #07-03 Delta House | Singapore | 159919, Whitecoat London | 176a York Way | London | N1 0AZ",+44 (0)20 7287 6677,"360 Video, Augmented Reality / XR, Virtual Reality, Animation, Editing, VFX, Production"
Thirty Two,"hello@thirtytwo.tv, toby@thirtytwo.tv",thirtytwo.tv,"111 Charterhouse Street, London, EC1M 6AW",+44 (0) 203 2903 808,Music Production
Twenty Below Music,emily@twentybelowmusic.com,twentybelowmusic.com,"20 Golden Square, London, W1F 9JL",,Music Production
Warner Chappell Music,london@warnerchappellpm.com,uk.warnerchappellpm.com,"Electric Lighting Station, 46 Kensington Ct, W8 5DA",+44 (0) 207 938 5550,Music Production
Yellow Boat Music,athene@lemonadereps.com,www.yellowboatmusic.com,"59 Dean Street, London, W1D 6AN",020 7439 1272,Music Production
Wise Music Group,corinne.eady@wisemusic.com,wisemusiccreative.com/uk,"14- 15 Berners Street, London, W1T 3LJ",+44 0 20 7612 7400,Music Production
Black Kite Studios,hello@blackkitestudios.com,blackkitestudios.com,"46 Featherstone Street, London, EC1Y 8RN",020 3870 9100,VFX
A Few Good Productions,hello@afewgoodproductions.com,www.afewgoodproductions.com,"124 City Road, London, EC1V 2NX",,"VFX, Production"
Builders Club,enquiries@builders-club.com,www.builders-club.com,"Builders Club London Limited, Unit 407, Mare Street Studios, 203/213 Mare Street, London, E8 3QE",020 3744 4665,"VFX, Production"
Coffee & TV,hello@coffeeand.tv,www.coffeeand.tv,"83 Clerkenwell Road, London, EC1R 5AR",+44 (0)20 7734 3299,VFX
Daydreamer,production@daydreamervfx.com,daydreamervfx.com,"130 City Road, London, EC1V 2NW",+44 (0) 20 3838 2290,VFX
CHEAT,Production@cheatit.co,www.cheatit.co,"Arthaus Building, 199-205 Richmond Rd, London, E8 3NJ",+44 (0)20 8525 1411,VFX
ELMNTL,hello@elmntl.studio,www.elmntl.studio,"Unit 2, 123 Curtain Road, London, EC2A 3BX",,VFX
Freefolk,"production.ldn@freefolk.com, jobs.ldn@freefolk.com",www.freefolk.com,"24 Elder Street, E1 6BT",+44 (0)20 7734 9110,VFX
Glassworks,info.lon@glassworksvfx.com,www.glassworksvfx.com,"Fifth Floor, 87-91 Newman Street, London, W1T 3EY",+44 20 7434 1182,VFX
Jam VFX,production@jamvfx.co.uk,www.jamvfx.co.uk,"348 Goswell Road, London, EC1V 7LQ",0203 8198 999,VFX
Ground Control Studios,hello@thisisgroundcontrol.co.uk,thisisgroundcontrol.co.uk,"2a Corsica Street, London, N5 1JJ",,"VFX, Production"
Optical Arts,hannah@opticalarts.studio,opticalarts.studio,"52b Whitmore Road, Upper Ground / First Floor, London, N1 5QJ",+44 203 397 7738,"Animation, Stills, VFX, Production"
Partizan,jenny.beckett@partizan.com,www.partizan.com,"19 - 23 Kingsland Road, London, E2 8AA",,"Animation, Production"
PICNIC,mina@picnicstudio.tv,picnicstudio.tv,"Unit 2, 10-12 Bache's Street, LDN, N1 6DL",020 7688 9158,"Animation, VFX"
Picturesmith,hello@picturesmith.com,picturesmith.com,"4a Sheep Lane, London, E8 4QS",020 7096 3348,Animation
Red Knuckles,eps@redknuckles.co.uk,www.redknuckles.co.uk,"86 - 90 Paul Street, London, EC2A 4NE",+44 (0) 20 3889 6160,"Animation, VFX"
Revenant,"pam@revenant.tv, kev@revenant.tv",,"Studio 1&2, Ground Floor, 1061 Argyle Street, Glasgow, G3 8LZ",,"Animation, VFX, Production"
Selected Works,"alex@selectedworks.tv, sean@selectedworks.tv",selectedworks.tv,"12 De Beauvoir Block, 92-96 De Beauvoir Road, London N1 4EN",+44 (0) 20 3411 2911,"Animation, VFX"
Splash Studios,new-business@wearesplashstudios.com,www.splashworldwide.com,"Paramount Building, 206-212 St Johns Street, EC1V 4JY, London",+44 (0) 2073241420,"Animation, Production"
Studio AKA,hello@studioaka.co.uk,www.studioaka.co.uk,"56 Compton Street, Clerkenwell, London, EC1V 0ET",+44 (0) 207 490 7228,Animation
Strange Beast,info@strangebeast.tv,www.strangebeast.tv,"Strange Beast, 33-34 Rathbone Place, London, W1T 1JN",+44 (0)20 7462 0333,"Animation, Production"
The Operators,info@theoperators.net,www.theoperators.net,"White Collar Factory, 1 Old Street Yard, London, EC1Y 8AF",+44 (0)20 3119 3013,"Animation, VFX, Stills, Production"
The Mill,production@themill.com,www.themill.com,"The Mill, 11-14 Windmill St, London, W1T 2JG",+44 (0)207 287 4041,"Animation, VFX"
We Are Tilt,ivor.sims@wearetilt.com,www.wearetilt.com,"Unit 1, 41 New England Street, Brighton, BN1 4GQ",+ 44 (0) 1273 675700,"Animation, VFX, Stills, Production"
ZUKUNFT,mail@zukunft.services,zukunft.services,"ZUKUNFT, Unit 407, Mare Street Studios, 203/213 Mare Street, London, E8 3QE, United Kingdom",,"Animation, VFX, Stills, Production"
XK Studio,hello@xk.studio,xk.studio,"Netil House, 1 Westgate Street, London, E8 3RL",,"Animation, VFX, Stills"
Whitehouse Post,ABennett@whitehousepost.com,www.whitehousepost.com,"Whitehouse Post Production Limited, The Heal's Building - 5th Floor, No. 1 Alfred Mews, London, W1T 7AA",+44 02 07 432 4300,Editing
ZUNC,hello@zunc.studio,www.zunc.studio,"17 Willow Street, London, EC2A 4BH",,"Animation, VFX"
Trim Editing,us@trimediting.com,www.trimediting.com,"3rd Floor, 75 Greenfield Road, London, E1 1EJ",+44 20 7729 9666,Editing
Work,jane@workeditorial.tv,www.workeditorial.tv,"Work Film Editors, 10-11 St. Martin′s Court, London, WC2N 4AJ",+44 (0)20 7845 6220,Editing
Young Once Creative Forever,Israel@yocf.co.uk,yocf.co.uk,"436 Essex Road, London, N1 3QP",,"Editing, Stills, Production"
KO Collective,info@ko-collective.co.uk,ko-collective.com,"11B Branch Place, London, N1 5PH",0207 923 1460,"Stills, Production"
Laird and Good Company,Charles@lairdandgoodcompany.com,lairdandgoodcompany.com,"32 Blackfriars Road, London, SE1 8PB",,"Stills, Production"
Lammas Park,anna@lammaspark.com,www.lammaspark.com,"47 Dean Street, W1D 5BE",+44 (0) 2081871066,"Stills, Production"
Locate Productions,locate@locateproductions.com,www.locateproductions.com,"Yolk House, 103 Farringdon Road, London, EC1R 3BS",2079781688,"Stills, Production"
LS Productions,hello@lsproductions.com,www.lsproductions.com,"EDINBURGH, 107 Constitution Street, Edinburgh, Scotland, EH6 7AE, MANCHESTER, 19 Mason Street, Manchester, England, M4 5FT, LONDON, White Collar Factory, 1 Old Street Yard, London, EC1Y 8AF",+44 (0)131 561 0120,"Stills, Production"
Lucky Strike Productions,office@luckystrike.london,luckystrikeproductions.com,"8-9 Stephen Mews, Fitzrovia, London, W1T 1AF, Martin Bruce-Clayton / Executive Producer, martin@luckystrikelondon.com, Phil Haselden / Executive Producer, phil@luckystrikelondon.com, Joe Myers / Producer, joe@luckystrikelondon.com",+44 (0)20 7734 4424,"Stills, Production"
MAI Productions,enquiries@maiproductions.com,www.maiproductions.com,"15 Lawfords Wharf, Lyme Street, London, NW1 0SF",0207 2679 448,"Stills, Production"
Object & Animal,"dom@objectanimal.com, morgan@objectanimal.com",www.objectanimal.com,"1 Helmsley Place, London, E8 3SB",+44 (0)7796 692300,"Stills, Production"
OB 42,info@ob42.com,ob42.com,"44 Kings Terrace, London, NW1 0JR",+44(0)20 7388 6031,"Stills, Production"
Parkview Creative,info@parkviewcreative.com,parkviewcreative.com,,,"Stills, Production"
Metallic Inc.,t@metallicinc.com,metallicinc.com,"331A Old Street, London, EC1V 9LE",+44 (0) 7519 106427,"Stills, Production"
North Six,kate.miller@northsix.com,northsix.com,"Studio 3, Rochelle, 24 Club Row, London, E2 7EY",,"Stills, Production"
Octopus Inc.,"claire@octopus.inc, nicola@octopus.inc",www.octopus.inc,"95 Windsor Road, London, E10 5LP",+44 (0) 7866 416 711,"Stills, Production"
Partner Films,info@partnerfilms.com,www.partnerfilms.com,"119 - 121 Freston Road, London, W11 4BD",,"Stills, Production"
Pavilion Works,morgan@pavilionworks.com,www.pavilion.works,"CC211 The Biscuit Factory, 100 Drummond Road, London, SE16 4DG",,"Stills, Production"
Plan Productions,jake@plan.productions,www.plan.productions,"Unit 11, Wheel Forge Way, Manchester, M17 1EH",+44 (0)794 3698 095,"Stills, Production"
Productions Inc,sam@productions-inc.com,www.productions-inc.com,"STUDIO 18, 4 SPRING BRIDGE ROAD, LONDON, W5 2AA",+ 44 (0)795 655 5488,"Stills, Production"
Rankin,production@rankin.co.uk,www.rankin.co.uk,"110-114 Grafton Road, London, NW5 4BA",+44(0)20 7284 7320,"Stills, Production"
Revolution Productions,jack@revolutionproductions.co,revolutionproductions.co,"Revolution Productions Limited, 113-115 Portland Street, Manchester, M1 6DW",+44 7861 661 430,"Stills, Production"
Run of Show (ROS) Productions,dot@ros-productions.com,ros-productions.com,"9A High Street, Yiewsley, West Drayton, Middlesex, UB77QG",+44 (0)7985745921,"Stills, VFX, Production"
Raw Production,info@raw-production.co.uk,www.raw-production.co.uk,"Studio 4, The Viaduct, London, SW9 8PL",0207 993 4388,"Stills, Production"
Seven Five Productions,jesse@sevenfiveproductions.com,sevenfiveproductions.co.uk,"37 Warren Street, London, W1T 6AD",+ 44 (0) 7798800468,"Stills, Production"
Shoot Europe,production@shooteurope.com,www.shooteurope.com,"Big Sky Studios, 29-31 Brewery Road, London, N7 9HQ",,"Stills, Production"
Studio 99,sofia@studio99.com,,"33 Great Portland Street, W1W 8QG",020 3146 8877,"Stills, Production"
Saint Luke Artists,sabrina@saintlukeartists.com,saintlukeartists.com,"Keltan House, 115 Mare Street, London, E8 4RU",,"Stills, Production"
The Big Sky,info@thebigsky.co.uk,www.thebigsky.co.uk,"45-46 Charlotte Road, London, EC2A 3PD",+44 203 397 4770,"Stills, Production"
The Corner Shop,anna@thecornershop.tv,thecornershop.tv,"Third Floor, 118 Commercial St, London E1 6NF",+ 44 (0) 7960 852852,"Stills, Production"
The Canopy Studio,hello@thecanopy.studio,thecanopy.studio,"1 St. Thomas Mews, St. Thomas Street, Winchester, SO23 9HG",+44 (0) 1962 861152,"Stills, VFX, Production"
TEA films,info@teafilms.com,teafilms.com,"The Scratch Hub, Battersea Arts Centre, Lavender Hill, London, SW11 5TN",+44 7760117691,"Stills, Production"
Time Based Arts,tom@time-based-arts.com,www.time-based-arts.com,"The Caretaker's Cottage, Shoreditch Town Hall, 380 Old Street, London, EC1V9LT",+44 (0)20 7739 5962,VFX
Untold Studios.,tessa@untoldstudios.tv,untoldstudios.tv,"White Collar Factory, 1 Old Street Yard, London, EC1Y 8AF",+44 (0) 20 8016 6111,"VFX, Stills, Production"
Visualskies,hello@visualskies.com,visualskies.com,"9S, 5 Havelock Terrace, Battersea, London, SW84AS",+44 (0)20 8936 7690,VFX
The Production Factory,ellie@theproductionfactory.com,www.theproductionfactory.com,"The Production Factory London Ltd., 68-72 Brewery Road, London, N7 9NT",020 7395 8660,"Stills, Production"
Wash Post,bookings@wash.co.uk,wash.co.uk,"78-79 Long Lane, London, EC1A 9ET",+44 (0)20 7112 8751,VFX
the.CURATED,CURATOR@THE-CURATED.CO,www.the-curated.co,"London Base, W3, United Kingdom",+44(0)7506710142,"Stills, Production"
Town Productions,info@townprod.com,townprod.com,"Penthouse 1, Moscow Mansions, 224 Cromwell Road, London, SW5 0SP",+44 (0) 7512906400,"Stills, Production"
We Folk,info@wefolk.com,www.wefolk.com,"Unit 2, 33 Waterson Street, London E2 8HT",+44(0)20 7033 2100,"Stills, Production"
Webber Represents,london@webberrepresents.com,www.webberrepresents.com,"18 Newman Street, London, W1T 1PE",+44 (0)20 7439 0678,"Stills, Production"
Thursday’s Child,production@thursdayschild.global,www.thursdayschild.global,"The Media Centre, 7 Northumberland Street, Huddersfield, HD1 1RL",,"Stills, Production"
360 Production Management,"london@360pm.net, sara@360pm.net",360pm.net,"Unit 6, Colour House Bentley Road, London, N1 4FG",+44 (0) 7534 10 67 55,Production
A Running Commentary,hello@arunningcommentary.com,www.arunningcommentary.com,"Studio 317A, Netil House, 1 Westgate Street, London E8 3RL",,Production
Affixxius,"films@affixxius.com, tim@affixxius.com",www.affixxius.com,"Trinity Hall, Trinity Street, Loughborough, LE11 1BY",020 3457 0558,Production
ACNE,hello@acnelondon.com,www.acnelondon.com,"ACNE London, 2 New St Square, London, EC4A 3BZ",+44 (0)7872 118 182,Production
Agile Films,info@agilefilms.com,www.agilefilms.com,"Unit 1, 68-72 Redchurch Street, London, E2 7DP",+44 (0)20 7000 2882,Production
Annex,"info@thisisannex.co, basil@thisisannex.co",www.thisisannex.co,"Annex Films, 42 Newman St, London, W1T 1QD",+44 (0)20 7440 1400,Production
Anonymous Content,,www.anonymouscontent.com,"16 Southam Street, London, United Kingdom, W10 5PH",,Production
Another Film Company,another@anotherfilmcompany.com,www.anotherfilmcompany.com,"Another Film Company, 22 Dean Street, London, W1D 3RY",+44 (0)20 7307 7750,Production
Armoury,matt@armourylondon.com,armourylondon.com,"Unit 6A, Stamford Works, Gillet Sq, N16 8JH",+44 (0)20 7254 9199,Production
Art Practice,,www.artpractice.studio,"The Front Building, 148-150 Curtain Road, London, EC2A 3AT",+44 (0)20 3728 8177,Production
Arts & Sciences,james@artsandsciences.com,uk.artsandsciences.com,"53 Duke Street, Unit 3.05, London, W1C 2PE",+44 (0)20 8087 2966,Production
BearJam,"hello@bearjam.co.uk, tristan@bearjam.co.uk",bearjam.co.uk,"The Gatehouse, 1 Armoury Way, London, SW18 1TH",+44 (0)20 7737 5682,Production
Bang,shoot@bang.tv,www.bang.tv,"Bang, Floor 3, 6-8 Bonhill Street, London, EC2A 4BX",+44 (0)20 7096 0968,Production
Believe Media,james@believemedia.com,www.believemedia.co.uk,"CHARLOTTE BUILDING, 17 GRESSE STREET, LONDON, W1T 1QL",+44 (0)20 3145 0960,Production
Birchbank,INFO@BIRCHBANK.COM,www.birchbank.com,"KEMP HOUSE, 160 CITY ROAD, EC1V 2NX",,Production
Biscuit Filmworks,tamsin@biscuitfilmworks.com,www.biscuitfilmworks.com,"13 Holywell Row, London, EC2A 4JF",+44 (0)20 7240 9955,Production
Blink,paul@blinkprods.com,blinkprods.com,"Blink Productions, 181 Wardour Street, London, W1F 8WZ",+44 (0) 20 7494 0747,Production
Blonde,hello@weareblonde.com,weareblonde.com,"Unit 17, Forest Trading Estate, Priestley Way, London, E17 6AL",+44 (0) 20 77040521,Production
Bootleg Films,greg@bootleglondon.com,www.bootleglondon.com,"Flat 5, 3-5 Bateman Street, London, W1D 4AG",020 7636 7423,Production
Bullion Productions,"info@bullionproductions.com, jack.newman@bullionproductions.com",www.bullionproductions.com,"Unit 19, Waterside, 44-48 Wharf Rd, N1 7UX",+44 (0)20 3830 7425,Production
Business Club,tom@businessclub.tv,,"35 Dehavilland Studios, 20 Theydon Road, London, E59NY",,Production
Chief Productions,letsmakegreat@chief.tv,www.chief.tv,"The Longhouse, Michigan Avenue, Media City, Manchester, M50 2GY",+44 (0) 161 832 6001,Production
Cherry Studio,office@cherrystudio.net,www.cherrystudio.net,"3rd Floor, 2-3 Great Pulteney Street, London, W1F 9LY",+44 (0)20 3287 4000,Production
Chrome Productions,info@chromeproductions.co.uk,www.chromeproductions.co.uk,"Chrome Productions, 12 Highgate Road, London NW5 1AS",+44 (0)20 7148 7288,Production
Caviar,sorcha.shepherd@caviar.tv,caviar.tv,"75 Newman Street, London, W1T 3EN",+44 20 3219 7960,Production
Compass Rose,"james@compassrose.world, pavla@compassrose.world",compassrose.world,"97 Embleton Road, London, SE13 7DQ",+44 (0) 7919 845 732,Production
Creators Inc,create@creatorsinc.net,creatorsinc.net,"160 Great Portland Street, W1W 5QA",+44 (0)207 871 3553,Production
Cut Media,info@cutmedia.com,www.cutmedia.com/ourstory,"1 Woodside Place, Glasgow, G3 7QF",+44 (0)141 648 0319,Production
Common People Films,hello@cmnppl.com,www.commonpeoplefilms.com,"3rd Floor, 51-52 Frith Street, London, W1D 4SH",+44 0203 951 0999,Production
DadBod Films,"hello@dadbodfilms.co, rob@dadbodfilms.co",dadbodfilms.com,"SB.219 China Works, 100 Black Prince Road, London, SE1 7SJ",+44 (0)7753 328 943,Production
Darling Films,kelly@darlingfilms.co.uk,www.darlingfilms.co.uk,"42-44 Beak Street, Soho, London, W1F 9RH",020 3960 7050,Production
Diagonal View,stuart.hall@diagonal-view.com,web.diagonal-view.com,"16 Mortimer Street, London, W1T 3JL",+44 (0)20 7032 1770,Production
DMND CLR,"dijian@dmndclr.com, scripts@dmndclr.com",dmndclr.com,"DMND CLR, International House, 12 Constance Street, London, E16 2DQ",+44 (0) 7944315431,Production
Dark Energy Films,"mattbrown@darkenergyfilms.com, lucybrown@darkenergyfilms.com, mattbrown@darkenergyfilms.com, lucybrown@darkenergyfilms.com, n, ickyflemming@darkenergyfilms.com, philbarnes@darkenergyfilms.com, kimmoore, @darkenergyfilms.com, janicepuati@darkenergyfilms.com",www.darkenergyfilms.com,"2nd Floor, 74 Margaret Street, London, W1W 8SU",+44 (0)7976 257 431,Production
DOGEATDOG,harvey@dogeatdog.co,dogeatdog.co,"2nd Floor, 7 Poland St, London, W1F 8PU",020 3305 8054,Production
Eleanor,,eleanor.co,"President, sophie@eleanor.co, Exec Producer, jack@eleanor.co, New Business, michael@eleanor.co, 2nd Floor, 10-11 Lower John Street, London, W1F 9EB",,Production
FAMILIA,info@wearefamilia.com,wearefamilia.com,"2nd Floor, 40 Great Eastern Street, Shoreditch, EC2A 3EP",+44 (0) 203 051 1224,Production
Forever Pictures,switchboard@forever-pictures.com,www.forever-pictures.com,"43 Weymouth Street, London, W1G 8NB",+44 (0)20 3371 0669,Production
FLIPT,"philippa@flipt.tv, trent@flipt.tv",flipt.tv,"FLIPT, 51 Lloyd Baker Street, London, WC1X 9AA",+44 207 437 1112,Production
Fresh Film,kim@freshfilmprod.com,www.freshfilmprod.com,"Fresh Film Productions, 1st Floor, 50 Great Portland Street, London, W1W 7ND, United Kingdom",+44 20 7580 6646,Production
Furlined,uk.info@furlined.com,furlined.com,"Unit 3, Archer Street Studios, 10/11 Archer Street, London, W1D 7AZ",+44 (0)203 982 1835,Production
Fuse Productions,hello@fuseprod.co,fuseprod.co,,+44 7980 991 489,Production
Good Film Company,film@goodfilms.co.uk,www.goodfilms.co.uk,"The Studio, 5-6 Eton Garages, Lambolle Place, London, NW3 4PE",+44 (0) 20 7794 6222,Production
Giant Owl,jack@giantowl.co.uk,www.giantowl.co.uk,"Giant Owl Productions, 63 Halliford Street, London, N1 3HF",+44 (0) 20 7502 3995,Production
Hero Films,contact@herofilms.co,,"130 Whitechapel Road, Second Floor, London, E1 1JE",2036206260,Production
Great Guns,info@greatguns.com,www.greatguns.com,"greatguns, 96 southwark bridge road, london se1 0ef",+44 (0) 207 692 4444,Production
Ground Work,aaron@ground-work.co,ground-work.co,"A001 Lighthouse Studios, 89a Shacklewell Lane, London, E8 2EB",07727 141 286,Production
Highly Unlikely,info@highlyunlikely.co.uk,www.highlyunlikely.co.uk,"The Fisheries, Mentmore Terrace, London, E8 3PN",+44 (0)208 058 7069,Production
HOBBY,"uk@hobbyfilm.com, john@hobbyfilm.com",hobbyfilm.com,"Orbital House, 20 Eastern Road, Romford, Essex, RM1 3PJ",+44 (0)020 3355 1947,Production
Hungry Man,matt@hungryman.com,www.hungryman.com,"1-2 Herbal hill, London, EC1R 5EF",+44 (0)20 7239 4550,Production
Hype Empire,info@hypempire.com,www.hypempire.com,"85 Great Portland Street, London, W1W 7LT",+44 (0) 7879 630 381,Production
ICONOCLAST,beatrice@iconoclast.tv,iconoclast.tv/uk,"ICONOCLAST, 25 Woodseer Street, London, E1 5HA",+44(0)20 3141 9107,Production
HunkyDory,ronae@hunkydoryfilms.co.uk,www.hunkydoryfilms.co.uk,"Angel House, Angel Mews, London, N1 9HH",+44 (0)20 7267 5000,Production
Iron Box Films,nathan@ironboxfilms.com,ironboxfilms.com,"8 City Rd, London, EC1Y 2AA",,Production
Jungle Creations Ltd,james@thewild.agency,junglecreations.com,"6 Batty Street, London, E1 1RH",0203 687 0370,Production
Kinetic Popcorn,hello@kineticpopcorn.com,www.kineticpopcorn.com,"3 Drummer Stagpole Mews, London, NW7 1NN",,Production
JustSo,simon@justso.com,justso.com,"JustSo, 5 Tavistock Place, London, WC1H 9SN",+44 (0) 20 7613 3381,Production
Knucklehead,tim@knucklehead.tv,knucklehead.tv,"Knucklehead, 28 Cowper Street, London, EC2A 4AS",+44 (0)20 7292 7950,Production
Kode Media,info@kodemedia.com,www.kodemedia.com,"41 Mitchell Street, London, EC1V 3QD",020 8133 5633,Production
Love Song,shirley@lovesong.tv,lovesong.tv,"27 Mortimer Street, London, United Kingdom, W1T 3BL",+44 (0) 7756191531,Production
Mad Cow Films,info@madcowfilms.co.uk,www.madcowfilms.co.uk,"Mad Cow Films, 75 Amberley Rd, London, Greater London, W9 2JL",+44 (0)20 7289 0001,Production
Lowkey Films,jamie@lowkeyfilms.co.uk,lowkeyfilms.co.uk,"5C Old Town, London, SW4 0JT",+44 (0) 7768951516,Production
Local Filmworks,admin@localfilmworks.com,www.localfilmworks.com,"The Tea Building, 56 Shoreditch High St, London E1 6JJ",+44 (0) 7766878253,Production
magna studios,hello@magnastudios.com,www.magnastudios.com,"3rd Floor, 1 Surrey Street, London, WC2R 2ND",07771 530 990,Production
Mastrick Productions,mark@mastrickproductions.com,www.mastrickproductions.com,"Office One, 1 Coldbath Square, Farringdon, London, EC1R 5HL",,Production
Merman,branded@hellomerman.com,www.hellomerman.com,"2nd Floor, 32 Rathbone Place, W1T 1JJ",+44 (0) 2080790140,Production
MindsEye,info@mindseye.london,www.mindseye.london,"MindsEye, 2nd Floor, 52-54 Rosebery Avenue, London, EC1R 4RP",+44 (0) 203 007 3600,Production
Mini Title,ldn@mini-title.com,www.minititle.com,"Unit 25, De Beauvoir Block, 92 – 96 De Beauvoir Road, London, N1 4EN",+44 (0)203 598 4215,Production
MJZ,clive@mjz.ltd.uk,www.mjz.com,"MJZ Ltd, 45A Brewer Street, London, W1F 9UE",+44 (0) 7931 703 417,Production
Moirai Films,andrew@moiraifilms.com,www.moiraifilms.com,"United House, 9 Pembridge Road, Notting Hill, W11 3JY",,Production
Missing Link Films,heather@missinglinkfilms.co.uk,missinglinkfilms.co.uk,"20 Bedford Square, London, WC1B 3HH",+44(0)7702516885,Production
Moremilk TV,liamwinn@moremilk.tv,www.moremilk.tv,"2 Stephen Street, London, W1T 1AN",07887 731032,Production
Moxie Pictures,dawn@moxiepictures.com,www.moxiepictures.com,"Moxie Pictures, 74 Gloucester Place, London, W1U 6HH",+44 (0)20 7935 4930,Production
Momoco,orange@momoco.co.uk,momoco.co.uk,"MOMOCO, 22 Carnaby Street, London, W1F 7DB, ENGLAND",+44 (0)20 7287 0776,Production
New Land,trine@newland.tv,www.newland.tv,"37-41 Mortimer Street, London, W1T 3JH",+44 7870 657 578,Production
My Accomplice,jamie@myaccomplice.co.uk,myaccomplice.co.uk,"Shoreditch Town Hall, 380 Old Street, London EC1V 9LT",+44 (0)7790 613 919,Production
NM Productions,enquiries@nm-productions.com,nm-productions.com,"First Floor, 1A Redchurch Street, E2 7DJ",+44 (0)203 883 2093,Production
Nice Shirt Films,paula@niceshirtfilms.com,www.niceshirtfilms.com,"72 Charlotte Street, London, W1T 4QQ",+44 (0)20 7147 4290,Production
Noise Films,seb@noisefilms.co.uk,www.noisefilms.co.uk/about,"47 Cumberland Rd, London, W3 6EZ",+44 (0) 7900 920 186,Production
No One,team@no-one.uk,no-one.uk,"Canalot Studios, Studio 133, 222 Kensal Road, London, W10 5BN",+44 (0) 20 7664 5006,Production
Not Just Any,emily@notjustany.com,www.notjustany.com,"Diespeker Wharf, 38 Graham St, London N18JX",+44 7793 865 126,Production
O Positive,nell@o-pos.com,opositivefilms.com,"4th Floor, 49 St James Street, London, SW1A 1AH",+44 (0) 7725 735 066,Production
Odelay Films,prudence@odelayfilms.com,www.odelayfilms.com,"Odelay Films Ltd, 38 Poland Street, London W1F 7LY",4 (0)203 4178520,Production
Outsider,"packer@outsider.tv, si@outsider.tv",www.outsider.tv,"12 Swan Yard, London, N1 1SD",+44 (0)20 7636 6666,Production
Nowadays,hello@nowadays.tv,nowadays.tv,"Nowadays, 119 Roman Road, London, E2 0QN",+44(0) 20 7646 6462,Production
P For Production,producers@pforproduction.com,www.pforproduction.com,"P For Production, 12 Stephen Mews, London, W1T 1AH",+44 (0) 020 7580 2209,Production
Park Village,tom@parkvillage.co.uk,www.parkvillage.co.uk,"Number One, Park Village East, Regents Park, London, NW1 7PX",+44 (0) 207 387 8077,Production
Papaya Films,"wojtek.skiba@papaya-films.com, rupert@papaya-films.com",www.papaya-films.com,"Papaya Films, Rivington Place, London, EC2A 3BA",020 7993 6628,Production
Park Pictures,fran@parkpictures.com,www.parkpictures.com,"Ground Floor West, 5 Old Nichol Street, London, E2 7HR",+44 (0)20 3327 3040,Production
Playmaker Films,kem@playmakerfilms.co.uk,www.playmakerfilms.co.uk,"71 Queen Victoria Street, London, EC4V 4BE",,Production
PMA Film and Television,HARRY@PMAFILMTV.COM,pmafilmtv.com,"PMA Film & Television, 3rd Floor, 22-24 Ely Place, London, EC1N 6TE",,Production
Prettybird,fiona@prettybird.co,prettybird.co,"New Wing, Somerset House, London, WC2R 1LA",+44 (0)20 3468 9417,Production
PI Film Network,"kate@pifilmnetwork.co.uk, charlotte@pifilmnetwork.co.uk",www.pifilmnetwork.co.uk,"6th Floor Charlotte Building, 17 Gresse Street, London, W1T 1QL",production@pifilmnetwork.co.uk,Production
ProdCo,jon@prodco.xyz,prodco.xyz,"3rd floor, 75 Dean Street, London, W1D 3PU",,Production
Pretzel Films,info@pretzelfilms.com,www.pretzelfilms.com,"Pretzel Films, 2 Bermondsey Exchange, 179-181 Bermondsey Street, London SE1 3UW",+44 (0) 20 7580 9595,Production
Pulse Films,info@pulsefilms.co.uk,www.pulsefilms.co.uk,"Pulse Films, Stapleton House, 29-33 Scrutton Street, Third Floor, London, EC2A 4HU",+44 (0)20 7426 5700,Production
Quiet Storm,production@quietstorm.co.uk,www.quietstorm.co.uk,"42–44 Beak Street, Lon­don, W1F 9RH",+44 (0)207 534 3870,Production
Rebolucion,florencia@rebolucion.com,www.rebolucion.com,"6th Floor Charlotte Building, 17 Gresse Street, London, W1T 1QL",+44 7736641759,Production
Red Pill Productions,Barnaby@redpill.co,www.redpill.co,"International House, 24 Holborn Viaduct, London, England, EC1 A2BN",+44 (0) 7712 133 992,Production
RadicalMedia,schneider@radicalmedia.com,www.radicalmedia.com,"RadicalMedia Ltd., Rochelle Studio C, 7 Playground Gardens, London, E2 7FA",+44 203 3196 900,Production
Riff Raff Films,matthew@riffrafffilms.tv,www.riffrafffilms.tv,"33 Boundary Street, London, E2 7JQ",07971 224 679,Production
Renaissance Studios,tamara@renaissance.london,www.renaissance.london,"34-44 Tunstall Road, Brixton, London, SW9 8DA",+44 (0) 2077331537,Production
Rogue,mail@roguefilms.co.uk,www.roguefilms.co.uk,"19-20 Great Sutton Street, London, EC1V 0DR",+44 (0)208 3879 8000,Production
Salt Film & Locations,info@saltfilm.com,www.saltfilm.com,"Salt Film Ltd, 22a Gascony Avenue, London, NW6 4NA",+44 (0)20 7637 7885,Production
RSA Films,josie@rsafilms.co.uk,www.rsafilms.com,"RSA Films Ltd, 42 - 44 Beak Street, London, W1F 9RH",+44 (0) 20 7437 7426,Production
SALT.TV,aziza@salt.tv,www.salt.tv,"SALT.TV, 79 Leonard Street, London, EC2A 4QS",+44 (0)20 7478 0560,Production
Sibling and Rival,henry@siblingandrival.com,www.siblingandrival.com,"Arch 435, Avenue Road, London, E7 0JN",7842780091,Production
Smith and Jones Films,mail@smithandjonesfilms.net,www.smithandjonesfilms.net,"6th Floor, Charlotte Building, 17 Gresse Street, London, W1T 1QL",0776 646 6877,Production
Rae and Eve,"hello@raeandeve.com, kate@raeandeve.com",raeandeve.com,"Hub 26, Hunsworth Lane, Cleckheaton, BD19 4LN",+44 (0)1274 752287,Production
Soft Target,genevieve@softtarget.tv,www.howardgreenhalgh.com,"Soft Target Ltd, Charlotte Building, 17 Gresse Street, London, W1T 1QL",+44 (0) 7774 607 022,Production
SMUGGLER,fergus@smugglersite.com,www.smugglersite.com,"2-3 Bourlet Close, London, W1W 7BQ",+44 (0)20 7636 7665,Production
Squire,phil@squirestudio.com,squirestudio.com,"66 Old Compton Street, Soho, London, W1D 4UH",+44 (0) 7958 358 888,Production
Somesuch,chrisw@somesuch.co,www.somesuch.co,"Wilkes Street, London, E1 6QF",020 3487 1270,Production
Stalkr,london@stalkr.com,www.stalkr.com,"207 Regent St, London, W1B 3HH",020 3695 0988,Production
Spindle,stitch@spindle.co,www.spindle.co,"1st Floor, 46 Charlotte Road, London, EC2A 3PD",,Production
Stamp Productions,ben@stamp-productions.com,stamp.productions,"Stamp Productions Ltd, The Sawmills, Duntshill Road, London, SW18 4QL",020 8947 9254,Production
Starling,hello@starlingfilm.com,starlingfilm.com,"Soho Works, 180 The Strand, WC2 1EA",+44 (0) 7968 420 873,Production
Studio Yes,hello@studioyes.co.uk,www.studioyes.co.uk,"56 Broadwick St, London, W1F 7AJ",+44 (0)207 096 8985,Production
Sticker Studios,harleymoon@stickerstudios.co,stickerstudios.co,"13 Hague Street, London, E2 6HN",,Production
TEEPEE Films,info@teepeefilms.com,www.teepeefilms.com,"The Fisheries, 1 Mentmore Terrace, London, E8 3PN",+44 (0) 7476 860 481,Production
Stink,london@stink.co,www.stink.co,"Morelands, 5-23 Old Street, London EC1V 9HL",+44 (0)20 7462 4000,Production
The Keep Productions,hello@thekeepproductions.com,www.thekeepproductions.com,"Shed Studios, 8 Lee Street, Hackney, London, E8 4DY",,Production
Sugar Free TV,michelle@sugarfreetv.co.uk,www.sugarfreetv.co.uk,"1st Floor, The Department Store, 5 Oak Street, Manchester, M4 5JD",+44 161 478 1499,Production
The Midnight Club,info@themidnightclub.com,themidnightclub.com,"Unit H, Zetland House, 109-123 Clifton Street, London, EC2A 4LD",,Production
The Progress Film Company,hello@progressfilm.co.uk,progressfilm.co.uk,"Units B-E Level 2 South, New England House, Brighton, BN1 4GH",01273 205640,Production
The Sweetshop,"morgan@thesweetshop.tv, lucy@thesweetshop.tv",www.thesweetshop.tv,"9 Percy Street, London, W1T 1DL",+44 207 636 1449,Production
The Vigilante Group,j.elliott@vigilante.group,vigilante.group,"Balfour House, Great Titchfield Street, London, W1W 7QA",+44 (0)20 7323 0403,Production
Toast,slice@toasttv.co.uk,www.toasttv.co.uk,"Primary Office: 11 Golden Square, London, W1F 9JB, Oxford Office: Studios D&E, The Lion Brewery, Oxford, OX11JG",+44 (0) 20 7437 0506,Production
TRIBEAST Studios,kay@tribeast.co.uk,,"117 Fields Estate, Middleton Road, London, E8 3HH",+ 44 (0) 7825406205,Production
Tubby Brother Films,hello@tubbybrother.co.uk,tubbybrother.co.uk,"TUBBY BROTHER FILMS, UNIT 55, CONTAINERVILLE, 1 EMMA STREET, LONDON, E2 9FP",+44 (0) 7969182717,Production
Virtual Films,scott@virtualfilms.tv,virtualfilms.tv,"6th Floor, Charlotte Building, 17 Gresse Street, London, W1T 1QL",+44 (0) 7802 280 233,Production
You Are Here,jeremy@youarehereuk.com,www.youarehereuk.com,"48-49 Princes Place, London, W11 4QA",+44 (0) 203 735 6699,Production
