Ser,cst_name,cst_url
1,Animation,https://www.a-p-a.net/members/1stavemachine-london/
2,Animation,https://www.a-p-a.net/members/a-c-studios/
3,Animation,https://www.a-p-a.net/members/alchemy/
4,Animation,https://www.a-p-a.net/members/all-of-us-here/
5,Animation,https://www.a-p-a.net/members/ammolite/
6,Animation,https://www.a-p-a.net/members/animated-storyboards/
7,Animation,https://www.a-p-a.net/members/art-engine/
8,Animation,https://www.a-p-a.net/members/bad-star-studios/
9,Animation,https://www.a-p-a.net/members/blind-pig/
10,Animation,https://www.a-p-a.net/members/blinkink/
11,Animation,https://www.a-p-a.net/members/blue-zoo/
12,Animation,https://www.a-p-a.net/members/cardel/
13,Animation,https://www.a-p-a.net/members/curate-films/
14,Animation,https://www.a-p-a.net/members/dan-tobin-smith-studio/
15,Animation,https://www.a-p-a.net/members/dblg/
16,Animation,https://www.a-p-a.net/members/dimension/
17,Animation,https://www.a-p-a.net/members/ecstasy-of-gold/
18,Animation,https://www.a-p-a.net/members/electric-theatre-collective/
19,Animation,https://www.a-p-a.net/members/equinox/
20,Animation,https://www.a-p-a.net/members/feed-me-light/
21,Animation,https://www.a-p-a.net/members/flyingduck-studio-lab/
22,Animation,https://www.a-p-a.net/members/framestore/
23,Animation,https://www.a-p-a.net/members/friend/
24,Animation,https://www.a-p-a.net/members/golden-wolf/
25,Animation,https://www.a-p-a.net/members/gusto-film/
26,Animation,https://www.a-p-a.net/members/immigrant/
27,Animation,https://www.a-p-a.net/members/inspired-thinking-group-itg-ltd/
28,Animation,https://www.a-p-a.net/members/intro/
29,Animation,https://www.a-p-a.net/members/irresistible-studios/
30,Animation,https://www.a-p-a.net/members/jelly/
31,Animation,https://www.a-p-a.net/members/killer-art-production/
32,Animation,https://www.a-p-a.net/members/light-vfx/
33,Animation,https://www.a-p-a.net/members/method-films/
34,Animation,https://www.a-p-a.net/members/moth-studio/
35,Animation,https://www.a-p-a.net/members/mpc/
36,Animation,https://www.a-p-a.net/members/mummu/
37,Animation,https://www.a-p-a.net/members/nexus/
38,Animation,https://www.a-p-a.net/members/noe-associates/
39,Animation,https://www.a-p-a.net/members/nomint/
40,Animation,https://www.a-p-a.net/members/not-to-scale/
41,Gaming,https://www.a-p-a.net/members/brave-spark/
42,Gaming,https://www.a-p-a.net/members/dimension/
43,Gaming,https://www.a-p-a.net/members/future-deluxe/
44,Gaming,https://www.a-p-a.net/members/media-monks/
45,Gaming,https://www.a-p-a.net/members/nexus/
46,Gaming,https://www.a-p-a.net/members/unit-9/
47,Virtual Production,https://www.a-p-a.net/members/dimension/
48,Virtual Production,https://www.a-p-a.net/members/final-pixel/
49,Virtual Production,https://www.a-p-a.net/members/future-deluxe/
50,Virtual Production,https://www.a-p-a.net/members/helo/
51,Virtual Production,https://www.a-p-a.net/members/media-monks/
52,Virtual Production,https://www.a-p-a.net/members/nexus/
53,Virtual Production,https://www.a-p-a.net/members/passion/
54,Virtual Production,https://www.a-p-a.net/members/pebble-studios/
55,Virtual Production,https://www.a-p-a.net/members/territory-studio/
56,Virtual Production,https://www.a-p-a.net/members/unit-9/
57,Editing,https://www.a-p-a.net/members/absolute-post/
58,Editing,https://www.a-p-a.net/members/avenues-studio/
59,Editing,https://www.a-p-a.net/members/brother/
60,Editing,https://www.a-p-a.net/members/cabin-edit/
61,Editing,https://www.a-p-a.net/members/differ/
62,Editing,https://www.a-p-a.net/members/doma/
63,Editing,https://www.a-p-a.net/members/ecstasy-of-gold/
64,Editing,https://www.a-p-a.net/members/edit-egg/
65,Editing,https://www.a-p-a.net/members/equinox/
66,Editing,https://www.a-p-a.net/members/final-cut/
67,Editing,https://www.a-p-a.net/members/flock-edit/
68,Editing,https://www.a-p-a.net/members/form/
69,Editing,https://www.a-p-a.net/members/goya-productions/
70,Editing,https://www.a-p-a.net/members/greenroom-films/
71,Editing,https://www.a-p-a.net/members/gusto-film/
72,Editing,https://www.a-p-a.net/members/imagine-this/
73,Editing,https://www.a-p-a.net/members/killer-art-production/
74,Editing,https://www.a-p-a.net/members/loft-films/
75,Editing,https://www.a-p-a.net/members/marshall-street-editors/
76,Editing,https://www.a-p-a.net/members/meraki-london/
77,Editing,https://www.a-p-a.net/members/mg-empower/
78,Editing,https://www.a-p-a.net/members/nomad-editing-company/
79,Editing,https://www.a-p-a.net/members/ocurens/
80,Editing,https://www.a-p-a.net/members/oh-my/
81,Editing,https://www.a-p-a.net/members/okay-studio/
82,Editing,https://www.a-p-a.net/members/oskein/
83,Editing,https://www.a-p-a.net/members/posthuman/
84,Editing,https://www.a-p-a.net/members/private-island/
85,Editing,https://www.a-p-a.net/members/shift/
86,Editing,https://www.a-p-a.net/members/sliced-studio/
87,Editing,https://www.a-p-a.net/members/stitch-editing/
88,Editing,https://www.a-p-a.net/members/stormshelter/
89,Editing,https://www.a-p-a.net/members/stratostorm/
90,Editing,https://www.a-p-a.net/members/studio-private/
91,Editing,https://www.a-p-a.net/members/tenthree-editing/
92,Editing,https://www.a-p-a.net/members/the-assembly-rooms/
93,Editing,https://www.a-p-a.net/members/the-berry/
94,Editing,https://www.a-p-a.net/members/the-nest-post/
95,Editing,https://www.a-p-a.net/members/the-quarry/
96,Editing,https://www.a-p-a.net/members/transmission/
97,Stills,https://www.a-p-a.net/members/andfriends/
98,Stills,https://www.a-p-a.net/members/24-productions/
99,Stills,https://www.a-p-a.net/members/2dm-production/
100,Stills,https://www.a-p-a.net/members/33red-films/
101,Stills,https://www.a-p-a.net/members/ar-creative/
102,Stills,https://www.a-p-a.net/members/academy-films/
103,Stills,https://www.a-p-a.net/members/amelia-co/
104,Stills,https://www.a-p-a.net/members/amplify/
105,Stills,https://www.a-p-a.net/members/aprilmay-productions/
106,Stills,https://www.a-p-a.net/members/art-engine/
107,Stills,https://www.a-p-a.net/members/awa/
108,Stills,https://www.a-p-a.net/members/bad-star-studios/
109,Stills,https://www.a-p-a.net/members/bellhouse/
110,Stills,https://www.a-p-a.net/members/birth/
111,Stills,https://www.a-p-a.net/members/bite-collective/
112,Stills,https://www.a-p-a.net/members/brave-spark/
113,Stills,https://www.a-p-a.net/members/camp-productions/
114,Stills,https://www.a-p-a.net/members/canada/
115,Stills,https://www.a-p-a.net/members/concrete-rep/
116,Stills,https://www.a-p-a.net/members/creative-blood/
117,Stills,https://www.a-p-a.net/members/curious-productions/
118,Stills,https://www.a-p-a.net/members/dan-tobin-smith-studio/
119,Stills,https://www.a-p-a.net/members/dawn/
120,Stills,https://www.a-p-a.net/members/differ/
121,Stills,https://www.a-p-a.net/members/ecstasy-of-gold/
122,Stills,https://www.a-p-a.net/members/eighty-seven-productions/
123,Stills,https://www.a-p-a.net/members/equinox/
124,Stills,https://www.a-p-a.net/members/formidable-media/
125,Stills,https://www.a-p-a.net/members/forward-slash/
126,Stills,https://www.a-p-a.net/members/fresh-base-productions/
127,Stills,https://www.a-p-a.net/members/anecdote/
128,Stills,https://www.a-p-a.net/members/gusto-film/
129,Stills,https://www.a-p-a.net/members/guts-and-glory-films/
130,Stills,https://www.a-p-a.net/members/holmes-production/
131,Stills,https://www.a-p-a.net/members/imagine-this/
132,Stills,https://www.a-p-a.net/members/industry-art/
133,Stills,https://www.a-p-a.net/members/ink-creative/
134,Stills,https://www.a-p-a.net/members/inspired-thinking-group-itg-ltd/
135,Stills,https://www.a-p-a.net/members/irresistible-studios/
136,Stills,https://www.a-p-a.net/members/jj-media/
137,Sound Design,https://www.a-p-a.net/members/750-mph/
138,Sound Design,https://www.a-p-a.net/members/a-mnemonic/
139,Sound Design,https://www.a-p-a.net/members/blind-pig/
140,Sound Design,https://www.a-p-a.net/members/brother/
141,Sound Design,https://www.a-p-a.net/members/company-3/
142,Sound Design,https://www.a-p-a.net/members/dlmdd/
143,Sound Design,https://www.a-p-a.net/members/ecstasy-of-gold/
144,Sound Design,https://www.a-p-a.net/members/equinox/
145,Sound Design,https://www.a-p-a.net/members/factory-studios/
146,Sound Design,https://www.a-p-a.net/members/finger-music/
147,Sound Design,https://www.a-p-a.net/members/flyingduck-studio-lab/
148,Sound Design,https://www.a-p-a.net/members/guilt-free-post/
149,Sound Design,https://www.a-p-a.net/members/gusto-film/
150,Sound Design,https://www.a-p-a.net/members/jungle-studios/
151,Sound Design,https://www.a-p-a.net/members/killer-art-production/
152,Sound Design,https://www.a-p-a.net/members/little-things/
153,Sound Design,https://www.a-p-a.net/members/machine/
154,Sound Design,https://www.a-p-a.net/members/marshall-street-editors/
155,Sound Design,https://www.a-p-a.net/members/no-8/
156,Sound Design,https://www.a-p-a.net/members/pitch-sync/
157,Sound Design,https://www.a-p-a.net/members/posthuman/
158,Sound Design,https://www.a-p-a.net/members/rascal/
159,Sound Design,https://www.a-p-a.net/members/sine-audio/
160,Sound Design,https://www.a-p-a.net/members/sound-industries/
161,Sound Design,https://www.a-p-a.net/members/studio-salamanca/
162,Sound Design,https://www.a-p-a.net/members/the-nest-post/
163,Sound Design,https://www.a-p-a.net/members/transmission/
164,Sound Design,https://www.a-p-a.net/members/unit/
165,Sound Design,https://www.a-p-a.net/members/velvet/
166,Sound Design,https://www.a-p-a.net/members/virtual-sound/
167,Sound Design,https://www.a-p-a.net/members/wave-studios/
168,"Experience (Events,Immersive theatre,Installations,Dome,Theme parks)",https://www.a-p-a.net/members/dimension/
169,"Experience (Events,Immersive theatre,Installations,Dome,Theme parks)",https://www.a-p-a.net/members/helo/
170,"Experience (Events,Immersive theatre,Installations,Dome,Theme parks)",https://www.a-p-a.net/members/media-monks/
171,"Experience (Events,Immersive theatre,Installations,Dome,Theme parks)",https://www.a-p-a.net/members/nexus/
172,"Experience (Events,Immersive theatre,Installations,Dome,Theme parks)",https://www.a-p-a.net/members/passion/
173,"Experience (Events,Immersive theatre,Installations,Dome,Theme parks)",https://www.a-p-a.net/members/pebble-studios/
174,"Experience (Events,Immersive theatre,Installations,Dome,Theme parks)",https://www.a-p-a.net/members/unit-9/
175,Music Production,https://www.a-p-a.net/members/a-mnemonic/
176,Music Production,https://www.a-p-a.net/members/audio-network/
177,Music Production,https://www.a-p-a.net/members/brother/
178,Music Production,https://www.a-p-a.net/members/de-wolfe-music/
179,Music Production,https://www.a-p-a.net/members/dlmdd/
180,Music Production,https://www.a-p-a.net/members/eclectic-sounds/
181,Music Production,https://www.a-p-a.net/members/equinox/
182,Music Production,https://www.a-p-a.net/members/felt-music/
183,Music Production,https://www.a-p-a.net/members/finger-music/
184,Music Production,https://www.a-p-a.net/members/guilt-free-post/
185,Music Production,https://www.a-p-a.net/members/gusto-film/
186,Music Production,https://www.a-p-a.net/members/imagine-this/
187,360 Video,https://www.a-p-a.net/members/brave-spark/
188,Music Production,https://www.a-p-a.net/members/jungle-studios/
189,Music Production,https://www.a-p-a.net/members/killer-art-production/
190,Music Production,https://www.a-p-a.net/members/kom-kay-oskwarek-music/
191,Music Production,https://www.a-p-a.net/members/leland/
192,Music Production,https://www.a-p-a.net/members/little-things/
193,Music Production,https://www.a-p-a.net/members/machine/
194,Music Production,https://www.a-p-a.net/members/massive-music/
195,Music Production,https://www.a-p-a.net/members/mcasso-music-production/
196,360 Video,https://www.a-p-a.net/members/dimension/
197,360 Video,https://www.a-p-a.net/members/media-monks/
198,360 Video,https://www.a-p-a.net/members/nexus/
199,360 Video,https://www.a-p-a.net/members/passion/
200,360 Video,https://www.a-p-a.net/members/pebble-studios/
201,360 Video,https://www.a-p-a.net/members/presence/
202,Music Production,https://www.a-p-a.net/members/no-sheet-music/
203,Music Production,https://www.a-p-a.net/members/no-8/
204,Music Production,https://www.a-p-a.net/members/pitch-sync/
205,Music Production,https://www.a-p-a.net/members/posthuman/
206,Music Production,https://www.a-p-a.net/members/resister/
207,360 Video,https://www.a-p-a.net/members/unit-9/
208,360 Video,https://www.a-p-a.net/members/whitecoat/
209,Music Production,https://www.a-p-a.net/members/sound-industries/
210,Music Production,https://www.a-p-a.net/members/studio-salamanca/
211,Music Production,https://www.a-p-a.net/members/thirty-two/
212,Music Production,https://www.a-p-a.net/members/transmission/
213,Music Production,https://www.a-p-a.net/members/twenty-below-music/
214,Music Production,https://www.a-p-a.net/members/velvet/
215,Music Production,https://www.a-p-a.net/members/warner-chappell/
216,Music Production,https://www.a-p-a.net/members/wise-music-group/
217,Music Production,https://www.a-p-a.net/members/yellow-boat-music/
218,Augmented Reality / XR,https://www.a-p-a.net/members/dimension/
219,Augmented Reality / XR,https://www.a-p-a.net/members/helo/
220,Augmented Reality / XR,https://www.a-p-a.net/members/media-monks/
221,Augmented Reality / XR,https://www.a-p-a.net/members/nexus/
222,Augmented Reality / XR,https://www.a-p-a.net/members/passion/
223,Augmented Reality / XR,https://www.a-p-a.net/members/pebble-studios/
224,Augmented Reality / XR,https://www.a-p-a.net/members/presence/
225,Augmented Reality / XR,https://www.a-p-a.net/members/unit-9/
226,Augmented Reality / XR,https://www.a-p-a.net/members/whitecoat/
227,VFX,https://www.a-p-a.net/members/a-few-good-productions/
228,VFX,https://www.a-p-a.net/members/absolute-post/
229,VFX,https://www.a-p-a.net/members/alchemy/
230,VFX,https://www.a-p-a.net/members/ammolite/
231,VFX,https://www.a-p-a.net/members/bad-star-studios/
232,VFX,https://www.a-p-a.net/members/black-kite-studios/
233,VFX,https://www.a-p-a.net/members/blind-pig/
234,VFX,https://www.a-p-a.net/members/blinkink/
235,VFX,https://www.a-p-a.net/members/builders-club/
236,VFX,https://www.a-p-a.net/members/cheat/
237,VFX,https://www.a-p-a.net/members/coffeetv/
238,VFX,https://www.a-p-a.net/members/company-3/
239,VFX,https://www.a-p-a.net/members/curious-productions/
240,VFX,https://www.a-p-a.net/members/dan-tobin-smith-studio/
241,VFX,https://www.a-p-a.net/members/daydreamer-vfx/
242,VFX,https://www.a-p-a.net/members/dblg/
243,VFX,https://www.a-p-a.net/members/dimension/
244,VFX,https://www.a-p-a.net/members/doma/
245,VFX,https://www.a-p-a.net/members/edit-egg/
246,VFX,https://www.a-p-a.net/members/electric-theatre-collective/
247,VFX,https://www.a-p-a.net/members/elmntl/
248,VFX,https://www.a-p-a.net/members/equinox/
249,VFX,https://www.a-p-a.net/members/flyingduck-studio-lab/
250,VFX,https://www.a-p-a.net/members/framestore/
251,VFX,https://www.a-p-a.net/members/freefolk/
252,VFX,https://www.a-p-a.net/members/future-deluxe/
253,VFX,https://www.a-p-a.net/members/glassworks/
254,VFX,https://www.a-p-a.net/members/ground-control-studios/
255,VFX,https://www.a-p-a.net/members/imagine-this/
256,VFX,https://www.a-p-a.net/members/inspired-thinking-group-itg-ltd/
257,VFX,https://www.a-p-a.net/members/intro/
258,VFX,https://www.a-p-a.net/members/irresistible-studios/
259,VFX,https://www.a-p-a.net/members/jam-vfx/
260,VFX,https://www.a-p-a.net/members/killer-art-production/
261,VFX,https://www.a-p-a.net/members/light-vfx/
262,VFX,https://www.a-p-a.net/members/mpc/
263,VFX,https://www.a-p-a.net/members/nexus/
264,VFX,https://www.a-p-a.net/members/nineteentwenty/
265,VFX,https://www.a-p-a.net/members/no-8/
266,VFX,https://www.a-p-a.net/members/nomad-editing-company/
267,Virtual Reality,https://www.a-p-a.net/members/dimension/
268,Virtual Reality,https://www.a-p-a.net/members/helo/
269,Virtual Reality,https://www.a-p-a.net/members/media-monks/
270,Virtual Reality,https://www.a-p-a.net/members/nexus/
271,Virtual Reality,https://www.a-p-a.net/members/passion/
272,Virtual Reality,https://www.a-p-a.net/members/pebble-studios/
273,Virtual Reality,https://www.a-p-a.net/members/presence/
274,Virtual Reality,https://www.a-p-a.net/members/unit-9/
275,Virtual Reality,https://www.a-p-a.net/members/whitecoat/
276,Animation,https://www.a-p-a.net/members/optical-arts/
277,Animation,https://www.a-p-a.net/members/partizan/
278,Animation,https://www.a-p-a.net/members/passion/
279,Animation,https://www.a-p-a.net/members/pebble-studios/
280,Animation,https://www.a-p-a.net/members/picnic/
281,Animation,https://www.a-p-a.net/members/picturesmith/
282,Animation,https://www.a-p-a.net/members/posthuman/
283,Animation,https://www.a-p-a.net/members/private-island/
284,Animation,https://www.a-p-a.net/members/red-knuckles/
285,Animation,https://www.a-p-a.net/members/revenant/
286,Animation,https://www.a-p-a.net/members/selected-works/
287,Animation,https://www.a-p-a.net/members/sliced-studio/
288,Animation,https://www.a-p-a.net/members/splash-studios/
289,Animation,https://www.a-p-a.net/members/stormshelter/
290,Animation,https://www.a-p-a.net/members/strange-beast/
291,Animation,https://www.a-p-a.net/members/stratostorm/
292,Animation,https://www.a-p-a.net/members/studio-aka/
293,Animation,https://www.a-p-a.net/members/territory-studio/
294,Animation,https://www.a-p-a.net/members/the-berry/
295,Animation,https://www.a-p-a.net/members/the-mill/
296,Animation,https://www.a-p-a.net/members/the-operators/
297,Animation,https://www.a-p-a.net/members/transmission/
298,Animation,https://www.a-p-a.net/members/velvet/
299,Animation,https://www.a-p-a.net/members/we-are-tilt/
300,Animation,https://www.a-p-a.net/members/whitecoat/
301,Animation,https://www.a-p-a.net/members/xk-studio/
302,Animation,https://www.a-p-a.net/members/zukunft/
303,Animation,https://www.a-p-a.net/members/zunc/
304,Editing,https://www.a-p-a.net/members/trim-editing/
305,Editing,https://www.a-p-a.net/members/velvet/
306,Editing,https://www.a-p-a.net/members/whitecoat/
307,Editing,https://www.a-p-a.net/members/whitehouse-post/
308,Editing,https://www.a-p-a.net/members/work/
309,Editing,https://www.a-p-a.net/members/young-once-creative-forever/
310,Stills,https://www.a-p-a.net/members/killer-art-production/
311,Stills,https://www.a-p-a.net/members/ko-productions/
312,Stills,https://www.a-p-a.net/members/laird-and-good-company/
313,Stills,https://www.a-p-a.net/members/lammas-park/
314,Stills,https://www.a-p-a.net/members/locate-productions/
315,Stills,https://www.a-p-a.net/members/ls-productions/
316,Stills,https://www.a-p-a.net/members/lucky-strike-productions/
317,Stills,https://www.a-p-a.net/members/mai-productions/
318,Stills,https://www.a-p-a.net/members/making-pictures/
319,Stills,https://www.a-p-a.net/members/meraki-london/
320,Stills,https://www.a-p-a.net/members/metallic-inc/
321,Stills,https://www.a-p-a.net/members/method-films/
322,Stills,https://www.a-p-a.net/members/mg-empower/
323,Stills,https://www.a-p-a.net/members/noe-associates/
324,Stills,https://www.a-p-a.net/members/north-six/
325,Stills,https://www.a-p-a.net/members/ob-42/
326,Stills,https://www.a-p-a.net/members/object-animal/
327,Stills,https://www.a-p-a.net/members/octopus-inc/
328,Stills,https://www.a-p-a.net/members/ocurens/
329,Stills,https://www.a-p-a.net/members/optical-arts/
330,Stills,https://www.a-p-a.net/members/oskein/
331,Stills,https://www.a-p-a.net/members/parkview-creative/
332,Stills,https://www.a-p-a.net/members/partner-films/
333,Stills,https://www.a-p-a.net/members/pavilion-works/
334,Stills,https://www.a-p-a.net/members/plan-productions/
335,Stills,https://www.a-p-a.net/members/posthuman/
336,Stills,https://www.a-p-a.net/members/productions-inc/
337,Stills,https://www.a-p-a.net/members/rankin/
338,Stills,https://www.a-p-a.net/members/raw-production/
339,Stills,https://www.a-p-a.net/members/revolution-productions/
340,Stills,https://www.a-p-a.net/members/run-of-show-ros-productions/
341,Stills,https://www.a-p-a.net/members/saint-luke-artists/
342,Stills,https://www.a-p-a.net/members/seven-five-productions/
343,Stills,https://www.a-p-a.net/members/shoot-europe/
344,Stills,https://www.a-p-a.net/members/studio-99/
345,Stills,https://www.a-p-a.net/members/studio-private/
346,Stills,https://www.a-p-a.net/members/teafilms/
347,Stills,https://www.a-p-a.net/members/the-big-sky/
348,Stills,https://www.a-p-a.net/members/the-canopy-studio/
349,Stills,https://www.a-p-a.net/members/the-corner-shop/
350,VFX,https://www.a-p-a.net/members/ocurens/
351,VFX,https://www.a-p-a.net/members/okay-studio/
352,VFX,https://www.a-p-a.net/members/optical-arts/
353,VFX,https://www.a-p-a.net/members/picnic/
354,VFX,https://www.a-p-a.net/members/posthuman/
355,VFX,https://www.a-p-a.net/members/private-island/
356,VFX,https://www.a-p-a.net/members/rascal/
357,VFX,https://www.a-p-a.net/members/red-knuckles/
358,VFX,https://www.a-p-a.net/members/revenant/
359,VFX,https://www.a-p-a.net/members/run-of-show-ros-productions/
360,VFX,https://www.a-p-a.net/members/selected-works/
361,VFX,https://www.a-p-a.net/members/sliced-studio/
362,VFX,https://www.a-p-a.net/members/stratostorm/
363,VFX,https://www.a-p-a.net/members/studio-private/
364,VFX,https://www.a-p-a.net/members/territory-studio/
365,VFX,https://www.a-p-a.net/members/the-berry/
366,VFX,https://www.a-p-a.net/members/the-canopy-studio/
367,VFX,https://www.a-p-a.net/members/the-mill/
368,VFX,https://www.a-p-a.net/members/the-nest-post/
369,VFX,https://www.a-p-a.net/members/the-operators/
370,VFX,https://www.a-p-a.net/members/time-based-arts/
371,VFX,https://www.a-p-a.net/members/transmission/
372,VFX,https://www.a-p-a.net/members/unit/
373,VFX,https://www.a-p-a.net/members/unit-9/
374,VFX,https://www.a-p-a.net/members/untold-studios-limited/
375,VFX,https://www.a-p-a.net/members/velvet/
376,VFX,https://www.a-p-a.net/members/visualskies/
377,VFX,https://www.a-p-a.net/members/wash-post/
378,VFX,https://www.a-p-a.net/members/we-are-tilt/
379,VFX,https://www.a-p-a.net/members/whitecoat/
380,VFX,https://www.a-p-a.net/members/xk-studio/
381,VFX,https://www.a-p-a.net/members/zukunft/
382,VFX,https://www.a-p-a.net/members/zunc/
383,Stills,https://www.a-p-a.net/members/the-operators/
384,Stills,https://www.a-p-a.net/members/the-production-factory/
385,Stills,https://www.a-p-a.net/members/the-curated/
386,Stills,https://www.a-p-a.net/members/thursdays-child/
387,Stills,https://www.a-p-a.net/members/town-productions/
388,Stills,https://www.a-p-a.net/members/untold-studios-limited/
389,Stills,https://www.a-p-a.net/members/velvet/
390,Stills,https://www.a-p-a.net/members/we-are-tilt/
391,Stills,https://www.a-p-a.net/members/we-folk/
392,Stills,https://www.a-p-a.net/members/webber-represents/
393,Stills,https://www.a-p-a.net/members/xk-studio/
394,Stills,https://www.a-p-a.net/members/young-once-creative-forever/
395,Stills,https://www.a-p-a.net/members/zukunft/
396,Production,https://www.a-p-a.net/members/andfriends/
397,Production,https://www.a-p-a.net/members/1stavemachine-london/
398,Production,https://www.a-p-a.net/members/24-productions/
399,Production,https://www.a-p-a.net/members/2dm-production/
400,Production,https://www.a-p-a.net/members/33red-films/
401,Production,https://www.a-p-a.net/members/360-production-management/
402,Production,https://www.a-p-a.net/members/a-few-good-productions/
403,Production,https://www.a-p-a.net/members/a-running-commentary/
404,Production,https://www.a-p-a.net/members/ar-creative/
405,Production,https://www.a-p-a.net/members/academy-films/
406,Production,https://www.a-p-a.net/members/acne/
407,Production,https://www.a-p-a.net/members/af/
408,Production,https://www.a-p-a.net/members/agile-films/
409,Production,https://www.a-p-a.net/members/all-of-us-here/
410,Production,https://www.a-p-a.net/members/ammolite/
411,Production,https://www.a-p-a.net/members/amplify/
412,Production,https://www.a-p-a.net/members/annex-films/
413,Production,https://www.a-p-a.net/members/anonymous-content/
414,Production,https://www.a-p-a.net/members/another-film-company/
415,Production,https://www.a-p-a.net/members/aprilmay-productions/
416,Production,https://www.a-p-a.net/members/armoury/
417,Production,https://www.a-p-a.net/members/art-engine/
418,Production,https://www.a-p-a.net/members/art-practice/
419,Production,https://www.a-p-a.net/members/arts-sciences/
420,Production,https://www.a-p-a.net/members/awa/
421,Production,https://www.a-p-a.net/members/bad-star-studios/
422,Production,https://www.a-p-a.net/members/bang/
423,Production,https://www.a-p-a.net/members/bear-jam/
424,Production,https://www.a-p-a.net/members/believe-media/
425,Production,https://www.a-p-a.net/members/bellhouse/
426,Production,https://www.a-p-a.net/members/birchbank/
427,Production,https://www.a-p-a.net/members/birth/
428,Production,https://www.a-p-a.net/members/biscuit-filmworks/
429,Production,https://www.a-p-a.net/members/bite-collective/
430,Production,https://www.a-p-a.net/members/blink/
431,Production,https://www.a-p-a.net/members/blonde/
432,Production,https://www.a-p-a.net/members/bold/
433,Production,https://www.a-p-a.net/members/bootleg-films/
434,Production,https://www.a-p-a.net/members/brave-spark/
435,Production,https://www.a-p-a.net/members/brother/
436,Production,https://www.a-p-a.net/members/builders-club/
437,Production,https://www.a-p-a.net/members/bullion/
438,Production,https://www.a-p-a.net/members/business-club/
439,Production,https://www.a-p-a.net/members/camp-productions/
440,Production,https://www.a-p-a.net/members/canada/
441,Production,https://www.a-p-a.net/members/cardel/
442,Production,https://www.a-p-a.net/members/caviar-content/
443,Production,https://www.a-p-a.net/members/cherry-films/
444,Production,https://www.a-p-a.net/members/chief-productions/
445,Production,https://www.a-p-a.net/members/chrome-productions/
446,Production,https://www.a-p-a.net/members/common-people-films/
447,Production,https://www.a-p-a.net/members/compass-rose/
448,Production,https://www.a-p-a.net/members/concrete-rep/
449,Production,https://www.a-p-a.net/members/creative-blood/
450,Production,https://www.a-p-a.net/members/creators-inc/
451,Production,https://www.a-p-a.net/members/curate-films/
452,Production,https://www.a-p-a.net/members/curious-productions/
453,Production,https://www.a-p-a.net/members/cut-media/
454,Production,https://www.a-p-a.net/members/dad-bod-films/
455,Production,https://www.a-p-a.net/members/dan-tobin-smith-studio/
456,Production,https://www.a-p-a.net/members/dark-energy-films/
457,Production,https://www.a-p-a.net/members/darling-films/
458,Production,https://www.a-p-a.net/members/dawn/
459,Production,https://www.a-p-a.net/members/diagonal-view/
460,Production,https://www.a-p-a.net/members/differ/
461,Production,https://www.a-p-a.net/members/dimension/
462,Production,https://www.a-p-a.net/members/dmnd-clr/
463,Production,https://www.a-p-a.net/members/dog-eat-dog/
464,Production,https://www.a-p-a.net/members/drool/
465,Production,https://www.a-p-a.net/members/ecstasy-of-gold/
466,Production,https://www.a-p-a.net/members/eleanor/
467,Production,https://www.a-p-a.net/members/equinox/
468,Production,https://www.a-p-a.net/members/familia/
469,Production,https://www.a-p-a.net/members/flipt/
470,Production,https://www.a-p-a.net/members/flyingduck-studio-lab/
471,Production,https://www.a-p-a.net/members/forever-pictures/
472,Production,https://www.a-p-a.net/members/form/
473,Production,https://www.a-p-a.net/members/formidable-media/
474,Production,https://www.a-p-a.net/members/forward-slash/
475,Production,https://www.a-p-a.net/members/framestore/
476,Production,https://www.a-p-a.net/members/fresh-base-productions/
477,Production,https://www.a-p-a.net/members/fresh-film/
478,Production,https://www.a-p-a.net/members/friend/
479,Production,https://www.a-p-a.net/members/furlined/
480,Production,https://www.a-p-a.net/members/fuse-productions/
481,Production,https://www.a-p-a.net/members/future-deluxe/
482,Production,https://www.a-p-a.net/members/giant-owl/
483,Production,https://www.a-p-a.net/members/good-film-company/
484,Production,https://www.a-p-a.net/members/anecdote/
485,Production,https://www.a-p-a.net/members/goya-productions/
486,Production,https://www.a-p-a.net/members/great-guns/
487,Production,https://www.a-p-a.net/members/greenroom-films/
488,Production,https://www.a-p-a.net/members/ground-control-studios/
489,Production,https://www.a-p-a.net/members/ground-work/
490,Production,https://www.a-p-a.net/members/gusto-film/
491,Production,https://www.a-p-a.net/members/guts-and-glory-films/
492,Production,https://www.a-p-a.net/members/love/
493,Production,https://www.a-p-a.net/members/helo/
494,Production,https://www.a-p-a.net/members/rich-power/
495,Production,https://www.a-p-a.net/members/highly-unlikely/
496,Production,https://www.a-p-a.net/members/hobby/
497,Production,https://www.a-p-a.net/members/holmes-production/
498,Production,https://www.a-p-a.net/members/hungry-man/
499,Production,https://www.a-p-a.net/members/hunkydory/
500,Production,https://www.a-p-a.net/members/hype-empire/
501,Production,https://www.a-p-a.net/members/iconoclast/
502,Production,https://www.a-p-a.net/members/imagine-this/
503,Production,https://www.a-p-a.net/members/immigrant/
504,Production,https://www.a-p-a.net/members/industry-art/
505,Production,https://www.a-p-a.net/members/ink-creative/
506,Production,https://www.a-p-a.net/members/inspired-thinking-group-itg-ltd/
507,Production,https://www.a-p-a.net/members/intro/
508,Production,https://www.a-p-a.net/members/iron-box-films/
509,Production,https://www.a-p-a.net/members/irresistible-studios/
510,Production,https://www.a-p-a.net/members/jj-media/
511,Production,https://www.a-p-a.net/members/jungle-creations-ltd/
512,Production,https://www.a-p-a.net/members/just-so/
513,Production,https://www.a-p-a.net/members/killer-art-production/
514,Production,https://www.a-p-a.net/members/kinetic-popcorn/
515,Production,https://www.a-p-a.net/members/knucklehead/
516,Production,https://www.a-p-a.net/members/ko-productions/
517,Production,https://www.a-p-a.net/members/kode-media/
518,Production,https://www.a-p-a.net/members/laird-and-good-company/
519,Production,https://www.a-p-a.net/members/lammas-park/
520,Production,https://www.a-p-a.net/members/leap/
521,Production,https://www.a-p-a.net/members/lobster/
522,Production,https://www.a-p-a.net/members/local-filmworks/
523,Production,https://www.a-p-a.net/members/locate-productions/
524,Production,https://www.a-p-a.net/members/loft-films/
525,Production,https://www.a-p-a.net/members/love-song/
526,Production,https://www.a-p-a.net/members/lowkey-films/
527,Production,https://www.a-p-a.net/members/ls-productions/
528,Production,https://www.a-p-a.net/members/lucky-strike-productions/
529,Production,https://www.a-p-a.net/members/mad-cow-films/
530,Production,https://www.a-p-a.net/members/magna-studios/
531,Production,https://www.a-p-a.net/members/mai-productions/
532,Production,https://www.a-p-a.net/members/making-pictures/
533,Production,https://www.a-p-a.net/members/mastrick-productions/
534,Production,https://www.a-p-a.net/members/media-monks/
535,Production,https://www.a-p-a.net/members/meraki-london/
536,Production,https://www.a-p-a.net/members/merman/
537,Production,https://www.a-p-a.net/members/metallic-inc/
538,Production,https://www.a-p-a.net/members/method-films/
539,Production,https://www.a-p-a.net/members/mg-empower/
540,Production,https://www.a-p-a.net/members/mindseye/
541,Production,https://www.a-p-a.net/members/mini-title/
542,Production,https://www.a-p-a.net/members/missing-link-films/
543,Production,https://www.a-p-a.net/members/mjz/
544,Production,https://www.a-p-a.net/members/moirai-films/
545,Production,https://www.a-p-a.net/members/momoco/
546,Production,https://www.a-p-a.net/members/moremilk-tv/
547,Production,https://www.a-p-a.net/members/moxie-pictures/
548,Production,https://www.a-p-a.net/members/my-accomplice/
549,Production,https://www.a-p-a.net/members/new-land/
550,Production,https://www.a-p-a.net/members/nexus/
551,Production,https://www.a-p-a.net/members/nice-shirt-films/
552,Production,https://www.a-p-a.net/members/nm-productions/
553,Production,https://www.a-p-a.net/members/no-one/
554,Production,https://www.a-p-a.net/members/noe-associates/
555,Production,https://www.a-p-a.net/members/noise-films/
556,Production,https://www.a-p-a.net/members/north-six/
557,Production,https://www.a-p-a.net/members/notjustany/
558,Production,https://www.a-p-a.net/members/nowadays/
559,Production,https://www.a-p-a.net/members/o-positive/
560,Production,https://www.a-p-a.net/members/ob-42/
561,Production,https://www.a-p-a.net/members/object-animal/
562,Production,https://www.a-p-a.net/members/octopus-inc/
563,Production,https://www.a-p-a.net/members/ocurens/
564,Production,https://www.a-p-a.net/members/odelay-films/
565,Production,https://www.a-p-a.net/members/oh-my/
566,Production,https://www.a-p-a.net/members/optical-arts/
567,Production,https://www.a-p-a.net/members/oskein/
568,Production,https://www.a-p-a.net/members/outsider/
569,Production,https://www.a-p-a.net/members/p-for-production/
570,Production,https://www.a-p-a.net/members/papaya-films/
571,Production,https://www.a-p-a.net/members/park-pictures/
572,Production,https://www.a-p-a.net/members/park-village/
573,Production,https://www.a-p-a.net/members/parkview-creative/
574,Production,https://www.a-p-a.net/members/partizan/
575,Production,https://www.a-p-a.net/members/partner-films/
576,Production,https://www.a-p-a.net/members/passion/
577,Production,https://www.a-p-a.net/members/pavilion-works/
578,Production,https://www.a-p-a.net/members/pebble-studios/
579,Production,https://www.a-p-a.net/members/pi-film-network/
580,Production,https://www.a-p-a.net/members/plan-productions/
581,Production,https://www.a-p-a.net/members/playmaker-films/
582,Production,https://www.a-p-a.net/members/pma-film-and-television/
583,Production,https://www.a-p-a.net/members/presence/
584,Production,https://www.a-p-a.net/members/prettybird/
585,Production,https://www.a-p-a.net/members/pretzel-films/
586,Production,https://www.a-p-a.net/members/private-island/
587,Production,https://www.a-p-a.net/members/prodco-ltd/
588,Production,https://www.a-p-a.net/members/productions-inc/
589,Production,https://www.a-p-a.net/members/pulse-films/
590,Production,https://www.a-p-a.net/members/quiet-storm/
591,Production,https://www.a-p-a.net/members/radicalmedia/
592,Production,https://www.a-p-a.net/members/rae-and-eve/
593,Production,https://www.a-p-a.net/members/rankin/
594,Production,https://www.a-p-a.net/members/rattling-stick/
595,Production,https://www.a-p-a.net/members/raw-production/
596,Production,https://www.a-p-a.net/members/rebolucion/
597,Production,https://www.a-p-a.net/members/red-pill/
598,Production,https://www.a-p-a.net/members/renaissance-studios/
599,Production,https://www.a-p-a.net/members/revenant/
600,Production,https://www.a-p-a.net/members/revolution-productions/
601,Production,https://www.a-p-a.net/members/riff-raff-films/
602,Production,https://www.a-p-a.net/members/rogue/
603,Production,https://www.a-p-a.net/members/rsa-films/
604,Production,https://www.a-p-a.net/members/run-of-show-ros-productions/
605,Production,https://www.a-p-a.net/members/saint-luke-artists/
606,Production,https://www.a-p-a.net/members/salt-film/
607,Production,https://www.a-p-a.net/members/salt-tv/
608,Production,https://www.a-p-a.net/members/scenester/
609,Production,https://www.a-p-a.net/members/seven-five-productions/
610,Production,https://www.a-p-a.net/members/shoot-europe/
611,Production,https://www.a-p-a.net/members/sibling-and-rival/
612,Production,https://www.a-p-a.net/members/sliced-studio/
613,Production,https://www.a-p-a.net/members/smith-and-jones-films/
614,Production,https://www.a-p-a.net/members/smuggler/
615,Production,https://www.a-p-a.net/members/snapper-films/
616,Production,https://www.a-p-a.net/members/soft-target/
617,Production,https://www.a-p-a.net/members/somesuch/
618,Production,https://www.a-p-a.net/members/spindle/
619,Production,https://www.a-p-a.net/members/splash-studios/
620,Production,https://www.a-p-a.net/members/squire/
621,Production,https://www.a-p-a.net/members/stalkr/
622,Production,https://www.a-p-a.net/members/stamp-productions/
623,Production,https://www.a-p-a.net/members/starling/
624,Production,https://www.a-p-a.net/members/sticker-studios/
625,Production,https://www.a-p-a.net/members/stink/
626,Production,https://www.a-p-a.net/members/stormshelter/
627,Production,https://www.a-p-a.net/members/strange-beast/
628,Production,https://www.a-p-a.net/members/stratostorm/
629,Production,https://www.a-p-a.net/members/studio-99/
630,Production,https://www.a-p-a.net/members/studio-yes/
631,Production,https://www.a-p-a.net/members/sugar-free-tv/
632,Production,https://www.a-p-a.net/members/teafilms/
633,Production,https://www.a-p-a.net/members/teepee-films/
634,Production,https://www.a-p-a.net/members/the-berry/
635,Production,https://www.a-p-a.net/members/the-big-sky/
636,Production,https://www.a-p-a.net/members/the-canopy-studio/
637,Production,https://www.a-p-a.net/members/the-corner-shop/
638,Production,https://www.a-p-a.net/members/the-keep-productions/
639,Production,https://www.a-p-a.net/members/the-midnight-club/
640,Production,https://www.a-p-a.net/members/the-operators/
641,Production,https://www.a-p-a.net/members/the-production-factory/
642,Production,https://www.a-p-a.net/members/the-progress-film-company/
643,Production,https://www.a-p-a.net/members/the-sweet-shop/
644,Production,https://www.a-p-a.net/members/burning-reel/
645,Production,https://www.a-p-a.net/members/the-curated/
646,Production,https://www.a-p-a.net/members/thursdays-child/
647,Production,https://www.a-p-a.net/members/toast/
648,Production,https://www.a-p-a.net/members/town-productions/
649,Production,https://www.a-p-a.net/members/transmission/
650,Production,https://www.a-p-a.net/members/tribeast-studios/
651,Production,https://www.a-p-a.net/members/tubby-brother-films/
652,Production,https://www.a-p-a.net/members/unit-9/
653,Production,https://www.a-p-a.net/members/untold-studios-limited/
654,Production,https://www.a-p-a.net/members/velvet/
655,Production,https://www.a-p-a.net/members/virtual-films/
656,Production,https://www.a-p-a.net/members/we-are-tilt/
657,Production,https://www.a-p-a.net/members/we-folk/
658,Production,https://www.a-p-a.net/members/webber-represents/
659,Production,https://www.a-p-a.net/members/whitecoat/
660,Production,https://www.a-p-a.net/members/you-are-here/
661,Production,https://www.a-p-a.net/members/young-once-creative-forever/
662,Production,https://www.a-p-a.net/members/zukunft/
