Name,Price,Make,Model,Image (URL),Description,SKU,Meta Title,Meta Description
Motorcycle Black Sprocket Cover Cowl Farings For Ducati Monster 1200s 1200r 2017 Full Carbon Fiber 100% -  - ,73.15,DUCATI,Monster 1200S 1200R 2017,"https://ae01.alicdn.com/kf/H1efe3844523e4fc79cb4aee9c041ecfcl/Motorcycle-Sprocket-Cover-Cowl-Farings-For-Ducati-Monster-1200S-1200R-2017-Full-Carbon-Fiber-100.jpg_640x640.jpg,https://ae01.alicdn.com/kf/Hde742e5570b443e9b1c3ee430630613fA/Motorcycle-Sprocket-Cover-Cowl-Farings-For-Ducati-Monster-1200S-1200R-2017-Full-Carbon-Fiber-100.jpg_640x640.jpg,https://ae01.alicdn.com/kf/H14929ac389cb48a8a30113eed0c1368db/Motorcycle-Sprocket-Cover-Cowl-Farings-For-Ducati-Monster-1200S-1200R-2017-Full-Carbon-Fiber-100.jpg_640x640.jpg,https://ae01.alicdn.com/kf/H53c4727102c846b3aef19e4a3c7d8a98z/Motorcycle-Sprocket-Cover-Cowl-Farings-For-Ducati-Monster-1200S-1200R-2017-Full-Carbon-Fiber-100.jpg_640x640.jpg,https://ae01.alicdn.com/kf/H79018e6909d34d7aa881483f0d113ddaW/Motorcycle-Sprocket-Cover-Cowl-Farings-For-Ducati-Monster-1200S-1200R-2017-Full-Carbon-Fiber-100.jpg_640x640.jpg,https://ae01.alicdn.com/kf/H259f46d54c744ca0813f4d933f83ab15W/Motorcycle-Sprocket-Cover-Cowl-Farings-For-Ducati-Monster-1200S-1200R-2017-Full-Carbon-Fiber-100.jpg_640x640.jpg"," All our carbon fiber products are now made with Autoclave process.The highest-level dry vacuum and hot press molding forms it. Many parts are now cut with our state-of-art Mitsubishi Robot Arms or CNC Waterjet machines. It is lightweight, has high strength, high rigidity, high tensile strength, high plain degree, high temperature resistance and the best gloss. Product surface is coated with anti UV ultraviolet, so that the transparent surface layer can be stay as bright as new. Easy installation.Most of our carbon products are direct bolt-on replacement of OEM parts. 100% carbon fiber material manufactured products back of the picture",D#549 DMS37,73.15US $ 5% OFF|Motorcycle Black Sprocket Cover Cowl Farings For Ducati Monster 1200s 1200r 2017 Full Carbon Fiber 100% - Full Fairing Kits - AliExpress,"Smarter Shopping, Better Living!  Aliexpress.com"
Sprocket Cover  Protection For Ducati Diavel 2010 2016 Full Carbon Fiber 100%   - ,68.4,DUCATI,Diavel 2010 2016,"https://ae01.alicdn.com/kf/H348de11a457f467abe32ac971c03cd4fZ/Sprocket-Cover-Protection-For-Ducati-Diavel-2010-2016-Full-Carbon-Fiber-100.jpg_640x640.jpg,https://ae01.alicdn.com/kf/HTB1.6TQaErrK1RkSne1q6ArVVXaN/Sprocket-Cover-Protection-For-Ducati-Diavel-2010-2016-Full-Carbon-Fiber-100.jpg_640x640.jpg,https://ae01.alicdn.com/kf/H09fe9ded5a0541229d88f580111acdfaP/Sprocket-Cover-Protection-For-Ducati-Diavel-2010-2016-Full-Carbon-Fiber-100.jpg_640x640.jpg,https://ae01.alicdn.com/kf/Hafeaff2b85d348bfa3e8fc447390ceb6h/Sprocket-Cover-Protection-For-Ducati-Diavel-2010-2016-Full-Carbon-Fiber-100.jpg_640x640.jpg,https://ae01.alicdn.com/kf/H9d75d70301304bf4a15a543926e5d56bL/Sprocket-Cover-Protection-For-Ducati-Diavel-2010-2016-Full-Carbon-Fiber-100.jpg_640x640.jpg,https://ae01.alicdn.com/kf/H0163c349d2304e93b0e26eb31044f99fL/Sprocket-Cover-Protection-For-Ducati-Diavel-2010-2016-Full-Carbon-Fiber-100.jpg_640x640.jpg"," All our carbon fiber products are now made with Autoclave process.The highest-level dry vacuum and hot press molding forms it. Many parts are now cut with our state-of-art Mitsubishi Robot Arms or CNC Waterjet machines. It is lightweight, has high strength, high rigidity, high tensile strength, high plain degree, high temperature resistance and the best gloss. Product surface is coated with anti UV ultraviolet, so that the transparent surface layer can be stay as bright as new. Easy installation.Most of our carbon products are direct bolt-on replacement of OEM parts. 100% carbon fiber material manufactured products back of the picture.",D#322,68.4US $ 5% OFF|Sprocket Cover  Protection For Ducati Diavel 2010 2016 Full Carbon Fiber 100%|Full Fairing Kits|   - AliExpress,"Smarter Shopping, Better Living!  Aliexpress.com"
Instrument Guard Cover For Ducati Multistrada 1260 950 2017-2019 Full Carbon Fiber 100% -  - ,75.9,DUCATI,Multistrada 1260 950 2017 2019,"https://ae01.alicdn.com/kf/H6e7cde7956594a03ac3eca4dcfd88d1au/Instrument-Guard-Cover-For-Ducati-Multistrada-1260-950-2017-2019-Full-Carbon-Fiber-100.jpg_640x640.jpg,https://ae01.alicdn.com/kf/Haea7ef4b248c4f3fa5356cbfd5b76441X/Instrument-Guard-Cover-For-Ducati-Multistrada-1260-950-2017-2019-Full-Carbon-Fiber-100.jpg_640x640.jpg,https://ae01.alicdn.com/kf/H4d3b9bf9e78648bc8df07a99ad0fea9cV/Instrument-Guard-Cover-For-Ducati-Multistrada-1260-950-2017-2019-Full-Carbon-Fiber-100.jpg_640x640.jpg,https://ae01.alicdn.com/kf/H150feeab2240451f85c5bacf4688ae78Q/Instrument-Guard-Cover-For-Ducati-Multistrada-1260-950-2017-2019-Full-Carbon-Fiber-100.jpg_640x640.jpg,https://ae01.alicdn.com/kf/H2d365d77883843a282d0762ef64863a6r/Instrument-Guard-Cover-For-Ducati-Multistrada-1260-950-2017-2019-Full-Carbon-Fiber-100.jpg_640x640.jpg,https://ae01.alicdn.com/kf/Hdf184da54a084b8eb0720632a265f5acR/Instrument-Guard-Cover-For-Ducati-Multistrada-1260-950-2017-2019-Full-Carbon-Fiber-100.jpg_640x640.jpg"," All our carbon fiber products are now made with Autoclave process.The highest-level dry vacuum and hot press molding forms it. Many parts are now cut with our state-of-art Mitsubishi Robot Arms or CNC Waterjet machines. It is lightweight, has high strength, high rigidity, high tensile strength, high plain degree, high temperature resistance and the best gloss. Product surface is coated with anti UV ultraviolet, so that the transparent surface layer can be stay as bright as new. Easy installation.Most of our carbon products are direct bolt-on replacement of OEM parts. 100% carbon fiber material manufactured products back of the picture.",D#608,75.9US $ 5% OFF|Instrument Guard Cover For Ducati Multistrada 1260 950 2017-2019 Full Carbon Fiber 100% - Full Fairing Kits - AliExpress,"Smarter Shopping, Better Living!  Aliexpress.com"
Rear Hugger Fender Tire Mud Guard Cover For Ducati Monster 950 937 2021-2022 -  - ,122.55,DUCATI,Monster 950 937 2021 2023,"https://ae01.alicdn.com/kf/Sf3876d7c26b14489b61ebf924ef6bc86K/Rear-Hugger-Fender-Tire-Mud-Guard-Cover-For-DUCATI-Monster-950-937-2021-2023-Full-Carbon.jpg_640x640.jpg,https://ae01.alicdn.com/kf/S5e9281e59fb741639d7fb4daf7c0800bm/Rear-Hugger-Fender-Tire-Mud-Guard-Cover-For-DUCATI-Monster-950-937-2021-2023-Full-Carbon.jpg_640x640.jpg,https://ae01.alicdn.com/kf/S5e51cc3149bd41e48fcb56727c09889f1/Rear-Hugger-Fender-Tire-Mud-Guard-Cover-For-DUCATI-Monster-950-937-2021-2023-Full-Carbon.jpg_640x640.jpg,https://ae01.alicdn.com/kf/S913b7dcc092346e5a39be195459fb9a4M/Rear-Hugger-Fender-Tire-Mud-Guard-Cover-For-DUCATI-Monster-950-937-2021-2023-Full-Carbon.jpg_640x640.jpg,https://ae01.alicdn.com/kf/S9fdef84ffed84739b1abf980be5642bc7/Rear-Hugger-Fender-Tire-Mud-Guard-Cover-For-DUCATI-Monster-950-937-2021-2023-Full-Carbon.jpg_640x640.jpg,https://ae01.alicdn.com/kf/S5b6d24f469f047f3911ef98999897ed1L/Rear-Hugger-Fender-Tire-Mud-Guard-Cover-For-DUCATI-Monster-950-937-2021-2023-Full-Carbon.jpg_640x640.jpg"," All our carbon fiber products are now made with Autoclave process.The highest-level dry vacuum and hot press molding forms it. Many parts are now cut with our state-of-art Mitsubishi Robot Arms or CNC Waterjet machines. It is lightweight, has high strength, high rigidity, high tensile strength, high plain degree, high temperature resistance and the best gloss. Product surface is coated with anti UV ultraviolet, so that the transparent surface layer can be stay as bright as new. Easy installation.Most of our carbon products are direct bolt-on replacement of OEM parts. 100% carbon fiber material manufactured products back of the picture For DUCATI Ducati Monster 950 937 2021-2023",D#722,122.55US $ 5% OFF|Rear Hugger Fender Tire Mud Guard Cover For Ducati Monster 950 937 2021-2022 - Full Fairing Kits - AliExpress,"Smarter Shopping, Better Living!  Aliexpress.com"
Motorcycle Generator Front Cover Cowling For Ducati Monster 696/1100 2010 Full Carbon Fiber 100%   - ,65.55,DUCATI,Monster 696 1100 2010,"https://ae01.alicdn.com/kf/H0795cd9722cf4d66b3245296928ef917X/Motorcycle-Generator-Front-Cover-Cowling-For-Ducati-Monster-696-1100-2010-Full-Carbon-Fiber-100.jpg_640x640.jpg,https://ae01.alicdn.com/kf/Haf4bf2976a444a1ead8cf47fb24f051ex/Motorcycle-Generator-Front-Cover-Cowling-For-Ducati-Monster-696-1100-2010-Full-Carbon-Fiber-100.jpg_640x640.jpg,https://ae01.alicdn.com/kf/H709cd38c2fda45698135956ecbfe38b9o/Motorcycle-Generator-Front-Cover-Cowling-For-Ducati-Monster-696-1100-2010-Full-Carbon-Fiber-100.jpg_640x640.jpg,https://ae01.alicdn.com/kf/H2f3308e16aaa49eb8830fa686d56a8b6I/Motorcycle-Generator-Front-Cover-Cowling-For-Ducati-Monster-696-1100-2010-Full-Carbon-Fiber-100.jpg_640x640.jpg,https://ae01.alicdn.com/kf/H36f08e510a85406ea3ec2a2498d527f3q/Motorcycle-Generator-Front-Cover-Cowling-For-Ducati-Monster-696-1100-2010-Full-Carbon-Fiber-100.jpg_640x640.jpg,https://ae01.alicdn.com/kf/Hdbef2077a3404882b35ac99b3b436c0aU/Motorcycle-Generator-Front-Cover-Cowling-For-Ducati-Monster-696-1100-2010-Full-Carbon-Fiber-100.jpg_640x640.jpg"," All our carbon fiber products are now made with Autoclave process.The highest-level dry vacuum and hot press molding forms it. Many parts are now cut with our state-of-art Mitsubishi Robot Arms or CNC Waterjet machines. It is lightweight, has high strength, high rigidity, high tensile strength, high plain degree, high temperature resistance and the best gloss. Product surface is coated with anti UV ultraviolet, so that the transparent surface layer can be stay as bright as new. Easy installation.Most of our carbon products are direct bolt-on replacement of OEM parts. 100% carbon fiber material manufactured products back of the picture.",D#175,65.55US $ 5% OFF|Motorcycle Generator Front Cover Cowling For Ducati Monster 696/1100 2010 Full Carbon Fiber 100%|Full Fairing Kits|   - AliExpress,"Smarter Shopping, Better Living!  Aliexpress.com"
Front Instrument Cover Gauge Mount Cover Dash Cowling Fairing  For Ducati 848 1098 1198  Full Carbon Fiber 100%    - ,53.2,DUCATI,848 1098 1198,"https://ae01.alicdn.com/kf/S1257a80cd2a84aac978617160311c8eeV/Front-Instrument-Cover-Gauge-Mount-Cover-Dash-Cowling-Fairing-For-Ducati-848-1098-1198-Full-Carbon.jpg_640x640.jpg,https://ae01.alicdn.com/kf/Sb7dcdfc6de4348438fe4ff09c40a3bbbH/Front-Instrument-Cover-Gauge-Mount-Cover-Dash-Cowling-Fairing-For-Ducati-848-1098-1198-Full-Carbon.jpg_640x640.jpg,https://ae01.alicdn.com/kf/S171b12964d6247b483651ddc4e866bbd0/Front-Instrument-Cover-Gauge-Mount-Cover-Dash-Cowling-Fairing-For-Ducati-848-1098-1198-Full-Carbon.jpg_640x640.jpg,https://ae01.alicdn.com/kf/S170a5932899d4bfa91b7fdd7d939f263R/Front-Instrument-Cover-Gauge-Mount-Cover-Dash-Cowling-Fairing-For-Ducati-848-1098-1198-Full-Carbon.jpg_640x640.jpg,https://ae01.alicdn.com/kf/S599180ab91cb43fbb7687d7c43a0cce5h/Front-Instrument-Cover-Gauge-Mount-Cover-Dash-Cowling-Fairing-For-Ducati-848-1098-1198-Full-Carbon.jpg_640x640.jpg,https://ae01.alicdn.com/kf/Sa6a8283494a744e0879a868626fe4ff3z/Front-Instrument-Cover-Gauge-Mount-Cover-Dash-Cowling-Fairing-For-Ducati-848-1098-1198-Full-Carbon.jpg_640x640.jpg"," All our carbon fiber products are now made with Autoclave process.The highest-level dry vacuum and hot press molding forms it. Many parts are now cut with our state-of-art Mitsubishi Robot Arms or CNC Waterjet machines. It is lightweight, has high strength, high rigidity, high tensile strength, high plain degree, high temperature resistance and the best gloss. Product surface is coated with anti UV ultraviolet, so that the transparent surface layer can be stay as bright as new. Easy installation.Most of our carbon products are direct bolt-on replacement of OEM parts. 100% carbon fiber material manufactured products back of the picture For Ducati 1098 1198 848",OD62TG,53.2US $ 5% OFF|Front Instrument Cover Gauge Mount Cover Dash Cowling Fairing  For Ducati 848 1098 1198  Full Carbon Fiber 100%| |   - AliExpress,"Smarter Shopping, Better Living!  Aliexpress.com"
Chain Guard Protection Trim Fairing Cowling For Monster 937 950 Stealth 2021 2023 Full Carbon Fiber 100%    - ,106.4,DUCATI,937 950 Stealth 2021 2023,"https://ae01.alicdn.com/kf/Se281d73915844ae38da2ca604c8de036n/Chain-Guard-Protection-Trim-Fairing-Cowling-For-Monster-937-950-Stealth-2021-2023-Full-Carbon-Fiber.jpg_640x640.jpg,https://ae01.alicdn.com/kf/S46456691627f4b2e889250c64fb57eb6s/Chain-Guard-Protection-Trim-Fairing-Cowling-For-Monster-937-950-Stealth-2021-2023-Full-Carbon-Fiber.jpg_640x640.jpg,https://ae01.alicdn.com/kf/Sb24247722f574f6db975c0e85c59fd405/Chain-Guard-Protection-Trim-Fairing-Cowling-For-Monster-937-950-Stealth-2021-2023-Full-Carbon-Fiber.jpg_640x640.jpg,https://ae01.alicdn.com/kf/Sf505847ecf3a41fdac6b122ea955da750/Chain-Guard-Protection-Trim-Fairing-Cowling-For-Monster-937-950-Stealth-2021-2023-Full-Carbon-Fiber.jpg_640x640.jpg,https://ae01.alicdn.com/kf/S71b5bbe4ed6f4f89969d427fd1b965e7B/Chain-Guard-Protection-Trim-Fairing-Cowling-For-Monster-937-950-Stealth-2021-2023-Full-Carbon-Fiber.jpg_640x640.jpg,https://ae01.alicdn.com/kf/Se4c91a90fbce40e2826393ef5c8a3acfW/Chain-Guard-Protection-Trim-Fairing-Cowling-For-Monster-937-950-Stealth-2021-2023-Full-Carbon-Fiber.jpg_640x640.jpg"," All our carbon fiber products are now made with Autoclave process.The highest-level dry vacuum and hot press molding forms it. Many parts are now cut with our state-of-art Mitsubishi Robot Arms or CNC Waterjet machines. It is lightweight, has high strength, high rigidity, high tensile strength, high plain degree, high temperature resistance and the best gloss. Product surface is coated with anti UV ultraviolet, so that the transparent surface layer can be stay as bright as new. Easy installation.Most of our carbon products are direct bolt-on replacement of OEM parts. 100% carbon fiber material manufactured products back of the picture For MONSTER 950 STEALTH  2021- 2023 Plain Matte Plain Glossy",OD738P,106.4US $ 5% OFF|Chain Guard Protection Trim Fairing Cowling For Monster 937 950 Stealth 2021 2023 Full Carbon Fiber 100%| |   - AliExpress,"Smarter Shopping, Better Living!  Aliexpress.com"
Cockpit Blende Gauge Cover Panel For Ducati 748 916 996 998 Carbon Fiber -  - ,45.6,DUCATI,748 916 996 998,"https://ae01.alicdn.com/kf/S31d113c874ac4e178721847cccf6459c2/Cockpit-Blende-Gauge-Cover-Panel-For-Ducati-748-916-996-998-Full-Carbon-Fiber-100.jpg_640x640.jpg,https://ae01.alicdn.com/kf/Sc5ad0c4c0ddf47c9b41c72b62c7373abw/Cockpit-Blende-Gauge-Cover-Panel-For-Ducati-748-916-996-998-Full-Carbon-Fiber-100.jpg_640x640.jpg,https://ae01.alicdn.com/kf/S2040832ac2c349a8b5c7592ab7182d181/Cockpit-Blende-Gauge-Cover-Panel-For-Ducati-748-916-996-998-Full-Carbon-Fiber-100.jpg_640x640.jpg,https://ae01.alicdn.com/kf/Secfedd54bd5e44bfb47c05671af0541e9/Cockpit-Blende-Gauge-Cover-Panel-For-Ducati-748-916-996-998-Full-Carbon-Fiber-100.jpg_640x640.jpg,https://ae01.alicdn.com/kf/S93319645c07643d8854b6ec24f28df85s/Cockpit-Blende-Gauge-Cover-Panel-For-Ducati-748-916-996-998-Full-Carbon-Fiber-100.jpg_640x640.jpg,https://ae01.alicdn.com/kf/S8b555bb481e1490a99ebc100c63b3c16a/Cockpit-Blende-Gauge-Cover-Panel-For-Ducati-748-916-996-998-Full-Carbon-Fiber-100.jpg_640x640.jpg"," All our carbon fiber products are now made with Autoclave process.The highest-level dry vacuum and hot press molding forms it. Many parts are now cut with our state-of-art Mitsubishi Robot Arms or CNC Waterjet machines. It is lightweight, has high strength, high rigidity, high tensile strength, high plain degree, high temperature resistance and the best gloss. Product surface is coated with anti UV ultraviolet, so that the transparent surface layer can be stay as bright as new. Easy installation.Most of our carbon products are direct bolt-on replacement of OEM parts. 100% carbon fiber material manufactured products back of the picture.",D9806 D#6,45.6US $ 5% OFF|Cockpit Blende Gauge Cover Panel For Ducati 748 916 996 998 Carbon Fiber - Full Fairing Kits - AliExpress,"Smarter Shopping, Better Living!  Aliexpress.com"
Ignition Lock Key Cover For Ducati Hyperstrada / Hypermotard 821 2013 2015/939 2016+ Full Carbon Fiber 100%    - ,55.1,DUCATI,Hyperstrada Hypermotard 821 2013 2015 939 2016,"https://ae01.alicdn.com/kf/Saefa71ba49744d478645cd9cb0d0cb51Z/Ignition-Lock-Key-Cover-For-Ducati-Hyperstrada-Hypermotard-821-2013-2015-939-2016-Full-Carbon-Fiber.jpg_640x640.jpg,https://ae01.alicdn.com/kf/Sdd025f90ab7f492ea841af218a0c76b9D/Ignition-Lock-Key-Cover-For-Ducati-Hyperstrada-Hypermotard-821-2013-2015-939-2016-Full-Carbon-Fiber.jpg_640x640.jpg,https://ae01.alicdn.com/kf/S332dfe23f1c9450292a924b68ad42cf6m/Ignition-Lock-Key-Cover-For-Ducati-Hyperstrada-Hypermotard-821-2013-2015-939-2016-Full-Carbon-Fiber.jpg_640x640.jpg,https://ae01.alicdn.com/kf/Sece4e89a6e004c54a5700b0ad750ae350/Ignition-Lock-Key-Cover-For-Ducati-Hyperstrada-Hypermotard-821-2013-2015-939-2016-Full-Carbon-Fiber.jpg_640x640.jpg,https://ae01.alicdn.com/kf/Se78de0c6caae493096f638db7a3d5cc47/Ignition-Lock-Key-Cover-For-Ducati-Hyperstrada-Hypermotard-821-2013-2015-939-2016-Full-Carbon-Fiber.jpg_640x640.jpg,https://ae01.alicdn.com/kf/S971d5314cd5e4c95ab74112f6a674dc7B/Ignition-Lock-Key-Cover-For-Ducati-Hyperstrada-Hypermotard-821-2013-2015-939-2016-Full-Carbon-Fiber.jpg_640x640.jpg"," All our carbon fiber products are now made with Autoclave process.The highest-level dry vacuum and hot press molding forms it. Many parts are now cut with our state-of-art Mitsubishi Robot Arms or CNC Waterjet machines. It is lightweight, has high strength, high rigidity, high tensile strength, high plain degree, high temperature resistance and the best gloss. Product surface is coated with anti UV ultraviolet, so that the transparent surface layer can be stay as bright as new. Easy installation.Most of our carbon products are direct bolt-on replacement of OEM parts. 100% carbon fiber material manufactured products back of the picture.",MCD159PG,55.1US $ 5% OFF|Ignition Lock Key Cover For Ducati Hyperstrada / Hypermotard 821 2013 2015/939 2016+ Full Carbon Fiber 100%| |   - AliExpress,"Smarter Shopping, Better Living!  Aliexpress.com"
Exhaust Pipe Heat Shield Cover Guard Fairing  For Ducati 848 1098 1198  Full Carbon Fiber 100%ducati 1098 coverducati covercover ducati - ,52.72,DUCATI,848 1098 1198,"https://ae01.alicdn.com/kf/He98bd7169f0b4d15b1e9c4f908affe68E/Exhaust-Pipe-Heat-Shield-Cover-Guard-Fairing-For-Ducati-848-1098-1198-Full-Carbon-Fiber-100.jpg_640x640.jpg,https://ae01.alicdn.com/kf/Sef6494a312b74816b83170ccbae9f1c3b/Exhaust-Pipe-Heat-Shield-Cover-Guard-Fairing-For-Ducati-848-1098-1198-Full-Carbon-Fiber-100.jpg_640x640.jpg,https://ae01.alicdn.com/kf/S8b99c8da0ec249fc958d866b333e4757E/Exhaust-Pipe-Heat-Shield-Cover-Guard-Fairing-For-Ducati-848-1098-1198-Full-Carbon-Fiber-100.jpg_640x640.jpg,https://ae01.alicdn.com/kf/S6fb3d8c5ce8143ae9ccf07e70ad9d0992/Exhaust-Pipe-Heat-Shield-Cover-Guard-Fairing-For-Ducati-848-1098-1198-Full-Carbon-Fiber-100.jpg_640x640.jpg,https://ae01.alicdn.com/kf/S90d4c10b8ba14f3f8fa90b62629dd649a/Exhaust-Pipe-Heat-Shield-Cover-Guard-Fairing-For-Ducati-848-1098-1198-Full-Carbon-Fiber-100.jpg_640x640.jpg,https://ae01.alicdn.com/kf/S0cda7dcd95cf49128573b573fb72934cm/Exhaust-Pipe-Heat-Shield-Cover-Guard-Fairing-For-Ducati-848-1098-1198-Full-Carbon-Fiber-100.jpg_640x640.jpg"," All our carbon fiber products are now made with Autoclave process.The highest-level dry vacuum and hot press molding forms it. Many parts are now cut with our state-of-art Mitsubishi Robot Arms or CNC Waterjet machines. It is lightweight, has high strength, high rigidity, high tensile strength, high plain degree, high temperature resistance and the best gloss. Product surface is coated with anti UV ultraviolet, so that the transparent surface layer can be stay as bright as new. Easy installation.Most of our carbon products are direct bolt-on replacement of OEM parts. 100% carbon fiber material manufactured products back of the picture",D09804,52.72US $ 5% OFF|Exhaust Pipe Heat Shield Cover Guard Fairing  For Ducati 848 1098 1198  Full Carbon Fiber 100%|ducati 1098 cover|ducati covercover ducati - AliExpress,"Smarter Shopping, Better Living!  Aliexpress.com"
Ignition Key Guard Cover Surround Carbon Fiber For Ducati Monster 950 937 2021-2022 -  - ,73.05,DUCATI,Monster 950 937 2021 2023 2024,"https://ae01.alicdn.com/kf/S9c3c81af555b43c2b1d293f1285e26bdJ/Ignition-Key-Guard-Cover-Surround-For-Ducati-Monster-950-937-2021-2023-2024-Full-Carbon-Fiber.jpg_640x640.jpg,https://ae01.alicdn.com/kf/S492431e860e7408fbb34e7d2ee4ff8761/Ignition-Key-Guard-Cover-Surround-For-Ducati-Monster-950-937-2021-2023-2024-Full-Carbon-Fiber.jpg_640x640.jpg,https://ae01.alicdn.com/kf/Sdf057386914647b29730acf25befb7dbz/Ignition-Key-Guard-Cover-Surround-For-Ducati-Monster-950-937-2021-2023-2024-Full-Carbon-Fiber.jpg_640x640.jpg,https://ae01.alicdn.com/kf/Sc3dcebddb9794b61bf48668688d9c1b3I/Ignition-Key-Guard-Cover-Surround-For-Ducati-Monster-950-937-2021-2023-2024-Full-Carbon-Fiber.jpg_640x640.jpg,https://ae01.alicdn.com/kf/S0866664580a7476cbdee163f95b2b5cdM/Ignition-Key-Guard-Cover-Surround-For-Ducati-Monster-950-937-2021-2023-2024-Full-Carbon-Fiber.jpg_640x640.jpg,https://ae01.alicdn.com/kf/S78594bbdb98f4149ad82e1d887ec932fZ/Ignition-Key-Guard-Cover-Surround-For-Ducati-Monster-950-937-2021-2023-2024-Full-Carbon-Fiber.jpg_640x640.jpg"," All our carbon fiber products are now made with Autoclave process.The highest-level dry vacuum and hot press molding forms it. Many parts are now cut with our state-of-art Mitsubishi Robot Arms or CNC Waterjet machines. It is lightweight, has high strength, high rigidity, high tensile strength, high plain degree, high temperature resistance and the best gloss. Product surface is coated with anti UV ultraviolet, so that the transparent surface layer can be stay as bright as new. Easy installation.Most of our carbon products are direct bolt-on replacement of OEM parts. 100% carbon fiber material manufactured products back of the picture. For DUCATI Ducati Monster 950 937 2021-2023 Plain Matte Plain Glossy",D#721,73.05US $ 5% OFF|Ignition Key Guard Cover Surround Carbon Fiber For Ducati Monster 950 937 2021-2022 - Full Fairing Kits - AliExpress,"Smarter Shopping, Better Living!  Aliexpress.com"
Clutch Cover Ducati Monster 1100  Carbon Fiber Engine Case Cover - Cover Case - Aliexpress,52.25,DUCATI,848 1098 1198 STREETFIGHT 1100 MONSTER,"https://ae01.alicdn.com/kf/H910eb1e5c86549909d84a0ceb12943fbz/Dry-Clutch-Cover-Engine-Case-Cover-Fairing-Cowling-For-Ducati-848-1098-1198-STREETFIGHT-1100-MONSTER.jpg_640x640.jpg,https://ae01.alicdn.com/kf/H6da146c637c148fa9235763fdb151e5bu/Dry-Clutch-Cover-Engine-Case-Cover-Fairing-Cowling-For-Ducati-848-1098-1198-STREETFIGHT-1100-MONSTER.jpg_640x640.jpg,https://ae01.alicdn.com/kf/S4e31bf6eb2464309b69c4f0d5d8775100/Dry-Clutch-Cover-Engine-Case-Cover-Fairing-Cowling-For-Ducati-848-1098-1198-STREETFIGHT-1100-MONSTER.jpg_640x640.jpg,https://ae01.alicdn.com/kf/Se39d0712368b426199eab77861341d01A/Dry-Clutch-Cover-Engine-Case-Cover-Fairing-Cowling-For-Ducati-848-1098-1198-STREETFIGHT-1100-MONSTER.jpg_640x640.jpg,https://ae01.alicdn.com/kf/S2e1923a7dd554c0ea17cafec4d13843eK/Dry-Clutch-Cover-Engine-Case-Cover-Fairing-Cowling-For-Ducati-848-1098-1198-STREETFIGHT-1100-MONSTER.jpg_640x640.jpg,https://ae01.alicdn.com/kf/S158fb2d085c949e8a7761fc82d9c851eT/Dry-Clutch-Cover-Engine-Case-Cover-Fairing-Cowling-For-Ducati-848-1098-1198-STREETFIGHT-1100-MONSTER.jpg_640x640.jpg"," All carbon fiber products are now made with Autoclave process.The highest-level dry vacuum and hot press molding forms it. Many parts are now cut with our state-of-art Mitsubishi Robot Arms or CNC Waterjet machines. It is lightweight, has high strength, high rigidity, high tensile strength, high plain degree, high temperature resistance and the best gloss. Product surface is coated with anti UV ultraviolet, so that the transparent surface layer can be stay as bright as new. Easy installation.Most of our carbon products are direct bolt-on replacement of OEM parts. 100% carbon fiber material manufactured products back of the picture. For  Ducati All Year",D9819,52.25US $ 5% OFF|Clutch Cover Ducati Monster 1100 | Carbon Fiber Engine Case Cover - Cover Case - Aliexpress,"Smarter Shopping, Better Living!  Aliexpress.com"
Front Head Light Surround Fairing Cover For Ducati Diavel 1260/1260S  2019 2022 Full Carbon Fiber 100%   - ,187,DUCATI,Diavel 1260 1260S 2019 2022,"https://ae01.alicdn.com/kf/S84834cf2b7e74840b017c30d97b71544d/Front-Head-Light-Surround-Fairing-Cover-For-Ducati-Diavel-1260-1260S-2019-2022-Full-Carbon-Fiber.jpg_640x640.jpg,https://ae01.alicdn.com/kf/Hec35b9d58e1f4386acca5c4619631060a/Front-Head-Light-Surround-Fairing-Cover-For-Ducati-Diavel-1260-1260S-2019-2022-Full-Carbon-Fiber.jpg_640x640.jpg,https://ae01.alicdn.com/kf/H501dae31d05b4081a6e764553517b6dda/Front-Head-Light-Surround-Fairing-Cover-For-Ducati-Diavel-1260-1260S-2019-2022-Full-Carbon-Fiber.jpg_640x640.jpg,https://ae01.alicdn.com/kf/Sd31eb293d52b41bf9b347d93409410783/Front-Head-Light-Surround-Fairing-Cover-For-Ducati-Diavel-1260-1260S-2019-2022-Full-Carbon-Fiber.jpg_640x640.jpg,https://ae01.alicdn.com/kf/S356cf97d991a4f30962dc5db37a307923/Front-Head-Light-Surround-Fairing-Cover-For-Ducati-Diavel-1260-1260S-2019-2022-Full-Carbon-Fiber.jpg_640x640.jpg,https://ae01.alicdn.com/kf/S5e2086ff46914d258fe33c45002be5053/Front-Head-Light-Surround-Fairing-Cover-For-Ducati-Diavel-1260-1260S-2019-2022-Full-Carbon-Fiber.jpg_640x640.jpg"," All our carbon fiber products are now made with Autoclave process.The highest-level dry vacuum and hot press molding forms it. Many parts are now cut with our state-of-art Mitsubishi Robot Arms or CNC Waterjet machines. It is lightweight, has high strength, high rigidity, high tensile strength, high plain degree, high temperature resistance and the best gloss. Product surface is coated with anti UV ultraviolet, so that the transparent surface layer can be stay as bright as new. Easy installation.Most of our carbon products are direct bolt-on replacement of OEM parts. 100% carbon fiber material manufactured products back of the picture. If you need the actual price of product, please contact us directly",D#671,187.0US $ |Front Head Light Surround Fairing Cover For Ducati Diavel 1260/1260S  2019 2022 Full Carbon Fiber 100%|Full Fairing Kits|   - AliExpress,"Smarter Shopping, Better Living!  Aliexpress.com"
Rear Hugger Fender Mudguard For Ducati Diavel 2011-15 16 17 2018 Full Carbon Fiber 100% -  - ,199.5,DUCATI,Diavel 2011 2016,"https://ae01.alicdn.com/kf/HTB10W4GX49YBuNjy0Ffq6xIsVXax/Rear-Hugger-Fender-Mudguard-For-Ducati-Diavel-2011-2016-Full-Carbon-Fiber-100.jpg_640x640.jpg,https://ae01.alicdn.com/kf/HTB1YPlAX1uSBuNjSsplq6ze8pXaY/Rear-Hugger-Fender-Mudguard-For-Ducati-Diavel-2011-2016-Full-Carbon-Fiber-100.jpg_640x640.jpg,https://ae01.alicdn.com/kf/Hac295991feaa4089a0242ca326c316d4j/Rear-Hugger-Fender-Mudguard-For-Ducati-Diavel-2011-2016-Full-Carbon-Fiber-100.jpg_640x640.jpg,https://ae01.alicdn.com/kf/Haa41618df37040e8aba4bfff9658a9b0V/Rear-Hugger-Fender-Mudguard-For-Ducati-Diavel-2011-2016-Full-Carbon-Fiber-100.jpg_640x640.jpg,https://ae01.alicdn.com/kf/Hd667772f525f4f1c97e2cc05737fac03p/Rear-Hugger-Fender-Mudguard-For-Ducati-Diavel-2011-2016-Full-Carbon-Fiber-100.jpg_640x640.jpg,https://ae01.alicdn.com/kf/H4588def99aeb41d99808913dbd6f8c0a9/Rear-Hugger-Fender-Mudguard-For-Ducati-Diavel-2011-2016-Full-Carbon-Fiber-100.jpg_640x640.jpg"," All our carbon fiber products are now made with Autoclave process.The highest-level dry vacuum and hot press molding forms it. Many parts are now cut with our state-of-art Mitsubishi Robot Arms or CNC Waterjet machines. It is lightweight, has high strength, high rigidity, high tensile strength, high plain degree, high temperature resistance and the best gloss. Product surface is coated with anti UV ultraviolet, so that the transparent surface layer can be stay as bright as new. Easy installation.Most of our carbon products are direct bolt-on replacement of OEM parts. 100% carbon fiber material manufactured products back of the picture.",DD04,199.5US $ 5% OFF|Rear Hugger Fender Mudguard For Ducati Diavel 2011-15 16 17 2018 Full Carbon Fiber 100% - Full Fairing Kits - AliExpress,"Smarter Shopping, Better Living!  Aliexpress.com"
Fuel Gas Tank Cover Farings For Ducati Diavel 1260/1260s 2019-2021 Full Carbon Fiber 100% -  - ,264.1,DUCATI,Diavel 1260 1260S 2019 2021,"https://ae01.alicdn.com/kf/S0fb64d9c26e24b1fb1de2b0037e79e183/Fuel-Gas-Tank-Cover-Farings-For-Ducati-Diavel-1260-1260S-2019-2021-Full-Carbon-Fiber-100.jpg_640x640.jpg,https://ae01.alicdn.com/kf/Hb40cd0a64d484a5ba823eef9af490218Y/Fuel-Gas-Tank-Cover-Farings-For-Ducati-Diavel-1260-1260S-2019-2021-Full-Carbon-Fiber-100.jpg_640x640.jpg,https://ae01.alicdn.com/kf/H18e97a7d140048ca9c0814a527d98ab1q/Fuel-Gas-Tank-Cover-Farings-For-Ducati-Diavel-1260-1260S-2019-2021-Full-Carbon-Fiber-100.jpg_640x640.jpg,https://ae01.alicdn.com/kf/H1c37858fb2804e54942744191e62f5e9s/Fuel-Gas-Tank-Cover-Farings-For-Ducati-Diavel-1260-1260S-2019-2021-Full-Carbon-Fiber-100.jpg_640x640.jpg,https://ae01.alicdn.com/kf/Sbaffcbc017d249a4bffc919a98f6a2d5J/Fuel-Gas-Tank-Cover-Farings-For-Ducati-Diavel-1260-1260S-2019-2021-Full-Carbon-Fiber-100.jpg_640x640.jpg,https://ae01.alicdn.com/kf/S0337cb1fd71746c89f0ff3e58c659faca/Fuel-Gas-Tank-Cover-Farings-For-Ducati-Diavel-1260-1260S-2019-2021-Full-Carbon-Fiber-100.jpg_640x640.jpg"," carbon fiber products are now made with Autoclave process.The highest-level dry vacuum and hot press molding forms it. Many parts are now cut with our state-of-art Mitsubishi Robot Arms or CNC Waterjet machines. It is lightweight, has high strength, high rigidity, high tensile strength, high plain degree, high temperature resistance and the best gloss. Product surface is coated with anti UV ultraviolet, so that the transparent surface layer can be stay as bright as new. Easy installation.Most of our carbon products are direct bolt-on replacement of OEM parts. 100% carbon fiber material manufactured products back of the picture. If you need the actual price of product, please contact us directly All our For Ducati  Diavel 1260/1260S  2019-2021",D#664,264.1US $ 5% OFF|Fuel Gas Tank Cover Farings For Ducati Diavel 1260/1260s 2019-2021 Full Carbon Fiber 100% - Full Fairing Kits - AliExpress,"Smarter Shopping, Better Living!  Aliexpress.com"
Carbon Fiber Hand Bar Protector Cover  Ducati Multistrada 1200 Front Rear -  - Aliexpress,80.75,DUCATI,Multistrada 1200 1260 950 2017 2019,"https://ae01.alicdn.com/kf/H9a1317bf6cde4846b0a5df7081b4ce984/Hand-bar-Protector-Cover-For-Ducati-Multistrada-1200-1260-950-2017-2019-Full-Carbon-Fiber-100.jpg_640x640.jpg,https://ae01.alicdn.com/kf/H24ab3dad1b6b46ab82175dcad64a0a1aW/Hand-bar-Protector-Cover-For-Ducati-Multistrada-1200-1260-950-2017-2019-Full-Carbon-Fiber-100.jpg_640x640.jpg,https://ae01.alicdn.com/kf/H3503b980d07040e4be4a4cebde570fc9N/Hand-bar-Protector-Cover-For-Ducati-Multistrada-1200-1260-950-2017-2019-Full-Carbon-Fiber-100.jpg_640x640.jpg,https://ae01.alicdn.com/kf/Hc632d0ce4b2444bd82226cf7d192b370h/Hand-bar-Protector-Cover-For-Ducati-Multistrada-1200-1260-950-2017-2019-Full-Carbon-Fiber-100.jpg_640x640.jpg,https://ae01.alicdn.com/kf/Hb1e04befc3a847aeb4c628e3b1a8134bj/Hand-bar-Protector-Cover-For-Ducati-Multistrada-1200-1260-950-2017-2019-Full-Carbon-Fiber-100.jpg_640x640.jpg,https://ae01.alicdn.com/kf/He61d573e633c4c688f415439d7bff97b7/Hand-bar-Protector-Cover-For-Ducati-Multistrada-1200-1260-950-2017-2019-Full-Carbon-Fiber-100.jpg_640x640.jpg"," All our carbon fiber products are now made with Autoclave process.The highest-level dry vacuum and hot press molding forms it. Many parts are now cut with our state-of-art Mitsubishi Robot Arms or CNC Waterjet machines. It is lightweight, has high strength, high rigidity, high tensile strength, high plain degree, high temperature resistance and the best gloss. Product surface is coated with anti UV ultraviolet, so that the transparent surface layer can be stay as bright as new. Easy installation.Most of our carbon products are direct bolt-on replacement of OEM parts. 100% carbon fiber material manufactured products back of the picture.",D1230,80.75US $ 5% OFF|Carbon Fiber Hand Bar Protector Cover | Ducati Multistrada 1200 Front Rear - Full Fairing Kits - Aliexpress,"Smarter Shopping, Better Living!  Aliexpress.com"
Upper Front Nose Headlight Fairing Cowl For Ducati Hypemotard 821 Hyperstrada Full Carbon Fiber 100%    - ,208.05,DUCATI,Hypemotard 821 Hyperstrada,"https://ae01.alicdn.com/kf/S009f86c9881945fd918433a4ef0f5e3fj/Upper-Front-Nose-Headlight-Fairing-Cowl-For-Ducati-Hypemotard-821-Hyperstrada-Full-Carbon-Fiber-100.jpg_640x640.jpg,https://ae01.alicdn.com/kf/Sa6747aefd945435584ffd352e695aef2K/Upper-Front-Nose-Headlight-Fairing-Cowl-For-Ducati-Hypemotard-821-Hyperstrada-Full-Carbon-Fiber-100.jpg_640x640.jpg,https://ae01.alicdn.com/kf/S07a9c8e793074e1293f0bb5730872512m/Upper-Front-Nose-Headlight-Fairing-Cowl-For-Ducati-Hypemotard-821-Hyperstrada-Full-Carbon-Fiber-100.jpg_640x640.jpg,https://ae01.alicdn.com/kf/S24386c9238f44c52933d252fe9ebf4cc6/Upper-Front-Nose-Headlight-Fairing-Cowl-For-Ducati-Hypemotard-821-Hyperstrada-Full-Carbon-Fiber-100.jpg_640x640.jpg,https://ae01.alicdn.com/kf/Sd438f8c94bc94bd3954e529e4e4a83d3t/Upper-Front-Nose-Headlight-Fairing-Cowl-For-Ducati-Hypemotard-821-Hyperstrada-Full-Carbon-Fiber-100.jpg_640x640.jpg,https://ae01.alicdn.com/kf/S93cb41bfa4d34f308597b93cbe0b0d86F/Upper-Front-Nose-Headlight-Fairing-Cowl-For-Ducati-Hypemotard-821-Hyperstrada-Full-Carbon-Fiber-100.jpg_640x640.jpg"," All our carbon fiber products are now made with Autoclave process.The highest-level dry vacuum and hot press molding forms it. Many parts are now cut with our state-of-art Mitsubishi Robot Arms or CNC Waterjet machines. It is lightweight, has high strength, high rigidity, high tensile strength, high plain degree, high temperature resistance and the best gloss. Product surface is coated with anti UV ultraviolet, so that the transparent surface layer can be stay as bright as new. Easy installation.Most of our carbon products are direct bolt-on replacement of OEM parts. 100% carbon fiber material manufactured products back of the picture. Fits Ducati Hypemotard 821 Hyperstrada",D#415,208.05US $ 5% OFF|Upper Front Nose Headlight Fairing Cowl For Ducati Hypemotard 821 Hyperstrada Full Carbon Fiber 100%| |   - AliExpress,"Smarter Shopping, Better Living!  Aliexpress.com"
Carbon Fiber Motorcycle Front Faring Cover Farings  Carbon Fiber Ducati Diavel -  - Aliexpress,102.6,DUCATI,Diavel 1260 1260S 2019 2020,"https://ae01.alicdn.com/kf/S6bbccdbfc5d041ceb5fc0fe4db3419cbI/Motorcycle-Front-Faring-Cover-Farings-For-Ducati-Diavel-1260-1260S-2019-2020-Full-Carbon-Fiber-100.png_640x640.png,https://ae01.alicdn.com/kf/H113348fe2fc9464eb13c367f18ce88921/Motorcycle-Front-Faring-Cover-Farings-For-Ducati-Diavel-1260-1260S-2019-2020-Full-Carbon-Fiber-100.jpg_640x640.jpg,https://ae01.alicdn.com/kf/Haf3ef036e51e4c8cbca420e1ffd2bab7m/Motorcycle-Front-Faring-Cover-Farings-For-Ducati-Diavel-1260-1260S-2019-2020-Full-Carbon-Fiber-100.jpg_640x640.jpg,https://ae01.alicdn.com/kf/H331249c23a564d8dbf0699c231fb4c95C/Motorcycle-Front-Faring-Cover-Farings-For-Ducati-Diavel-1260-1260S-2019-2020-Full-Carbon-Fiber-100.jpg_640x640.jpg,https://ae01.alicdn.com/kf/Hd8659a7a99fe4077b3ed1996e64c1c8ft/Motorcycle-Front-Faring-Cover-Farings-For-Ducati-Diavel-1260-1260S-2019-2020-Full-Carbon-Fiber-100.jpg_640x640.jpg,https://ae01.alicdn.com/kf/H092a066aa7794291b197ceaf3028655b0/Motorcycle-Front-Faring-Cover-Farings-For-Ducati-Diavel-1260-1260S-2019-2020-Full-Carbon-Fiber-100.jpg_640x640.jpg"," All our carbon fiber products are now made with Autoclave process.The highest-level dry vacuum and hot press molding forms it. Many parts are now cut with our state-of-art Mitsubishi Robot Arms or CNC Waterjet machines. It is lightweight, has high strength, high rigidity, high tensile strength, high plain degree, high temperature resistance and the best gloss. Product surface is coated with anti UV ultraviolet, so that the transparent surface layer can be stay as bright as new. Easy installation.Most of our carbon products are direct bolt-on replacement of OEM parts. 100% carbon fiber material manufactured products back of the picture. For Ducati Diavel 1260/1260S  2019-2020",D#665,102.6US $ 5% OFF|Carbon Fiber Motorcycle Front Faring Cover Farings | Carbon Fiber Ducati Diavel - Full Fairing Kits - Aliexpress,"Smarter Shopping, Better Living!  Aliexpress.com"
