mann_codu,link
ZR 905 z,https://catalog.mann-filter.com/EU/tur/catalog/MANN-FILTER%20Katalog%20Europa/Ya%C4%9F%20filtresi/ZR%20905%20z
ZR 902 x,https://catalog.mann-filter.com/EU/tur/catalog/MANN-FILTER%20Katalog%20Europa/Ya%C4%9F%20filtresi/ZR%20902%20x
167206000,https://catalog.mann-filter.com/EU/tur/catalog/MANN-FILTER%20Katalog%20Europa/MANN%2BHUMMEL%20Yedek%20par%C3%A7a/0167206000
169108000,https://catalog.mann-filter.com/EU/tur/catalog/MANN-FILTER%20Katalog%20Europa/MANN%2BHUMMEL%20Yedek%20par%C3%A7a/0169108000
169110000,https://catalog.mann-filter.com/EU/tur/catalog/MANN-FILTER%20Katalog%20Europa/MANN%2BHUMMEL%20Yedek%20par%C3%A7a/0169110000
167206000,https://catalog.mann-filter.com/EU/tur/catalog/MANN-FILTER%20Katalog%20Europa/MANN%2BHUMMEL%20Yedek%20par%C3%A7a/0167206000
C 16 013,https://catalog.mann-filter.com/EU/tur/catalog/MANN-FILTER%20Katalog%20Europa/Hava%20filtresi/C%2016%20013
C 16 014,https://catalog.mann-filter.com/EU/tur/catalog/MANN-FILTER%20Katalog%20Europa/Hava%20filtresi/C%2016%20014
C 2326,https://catalog.mann-filter.com/EU/tur/catalog/MANN-FILTER%20Katalog%20Europa/Hava%20filtresi/C%202326
C 2329,https://catalog.mann-filter.com/EU/tur/catalog/MANN-FILTER%20Katalog%20Europa/Hava%20filtresi/C%202329
C 2330,https://catalog.mann-filter.com/EU/tur/catalog/MANN-FILTER%20Katalog%20Europa/Hava%20filtresi/C%202330
CU 45 120,https://catalog.mann-filter.com/EU/tur/catalog/MANN-FILTER%20Katalog%20Europa/%C4%B0%C3%A7%20mekan%20filtresi/CU%2045%20120
CU 4594,https://catalog.mann-filter.com/EU/tur/catalog/MANN-FILTER%20Katalog%20Europa/%C4%B0%C3%A7%20mekan%20filtresi/CU%204594
CU 46 001,https://catalog.mann-filter.com/EU/tur/catalog/MANN-FILTER%20Katalog%20Europa/%C4%B0%C3%A7%20mekan%20filtresi/CU%2046%20001
CU 4624,https://catalog.mann-filter.com/EU/tur/catalog/MANN-FILTER%20Katalog%20Europa/%C4%B0%C3%A7%20mekan%20filtresi/CU%204624
WK 820/21,https://catalog.mann-filter.com/EU/tur/catalog/MANN-FILTER%20Katalog%20Europa/Yak%C4%B1t%20Filtresi/WK%20820~21
WK 820/22,https://catalog.mann-filter.com/EU/tur/catalog/MANN-FILTER%20Katalog%20Europa/Yak%C4%B1t%20Filtresi/WK%20820~22
WK 820/23,https://catalog.mann-filter.com/EU/tur/catalog/MANN-FILTER%20Katalog%20Europa/Yak%C4%B1t%20Filtresi/WK%20820~23
WK 8205,https://catalog.mann-filter.com/EU/tur/catalog/MANN-FILTER%20Katalog%20Europa/Yak%C4%B1t%20Filtresi/WK%208205
WK 821,https://catalog.mann-filter.com/EU/tur/catalog/MANN-FILTER%20Katalog%20Europa/Yak%C4%B1t%20Filtresi/WK%20821
WK 8215,https://catalog.mann-filter.com/EU/tur/catalog/MANN-FILTER%20Katalog%20Europa/Yak%C4%B1t%20Filtresi/WK%208215
WK 822/1,https://catalog.mann-filter.com/EU/tur/catalog/MANN-FILTER%20Katalog%20Europa/Yak%C4%B1t%20Filtresi/WK%20822~1
WK 940/42,https://catalog.mann-filter.com/EU/tur/catalog/MANN-FILTER%20Katalog%20Europa/Yak%C4%B1t%20Filtresi/WK%20940~42
WK 940/5,https://catalog.mann-filter.com/EU/tur/catalog/MANN-FILTER%20Katalog%20Europa/Yak%C4%B1t%20Filtresi/WK%20940~5
WK 940/6 x,https://catalog.mann-filter.com/EU/tur/catalog/MANN-FILTER%20Katalog%20Europa/Yak%C4%B1t%20Filtresi/WK%20940~6%20x
WK 941,https://catalog.mann-filter.com/EU/tur/catalog/MANN-FILTER%20Katalog%20Europa/Yak%C4%B1t%20Filtresi/WK%20941
WP 12 120/1,https://catalog.mann-filter.com/EU/tur/catalog/MANN-FILTER%20Katalog%20Europa/Ya%C4%9F%20filtresi/WP%2012%20120~1
WP 12 121,https://catalog.mann-filter.com/EU/tur/catalog/MANN-FILTER%20Katalog%20Europa/Ya%C4%9F%20filtresi/WP%2012%20121
WP 12 300,https://catalog.mann-filter.com/EU/tur/catalog/MANN-FILTER%20Katalog%20Europa/Ya%C4%9F%20filtresi/WP%2012%20300
WP 12 308,https://catalog.mann-filter.com/EU/tur/catalog/MANN-FILTER%20Katalog%20Europa/Ya%C4%9F%20filtresi/WP%2012%20308
WP 1270,https://catalog.mann-filter.com/EU/tur/catalog/MANN-FILTER%20Katalog%20Europa/Ya%C4%9F%20filtresi/WP%201270
ZR 903 x,https://catalog.mann-filter.com/EU/tur/catalog/MANN-FILTER%20Katalog%20Europa/Ya%C4%9F%20filtresi/ZR%20903%20x
ZR 904 x,https://catalog.mann-filter.com/EU/tur/catalog/MANN-FILTER%20Katalog%20Europa/Ya%C4%9F%20filtresi/ZR%20904%20x
