urls,
https://www.aliexpress.us/w/wholesale-Electric-Bike.html?categoryUrlParams=%7B%22q%22%3A%22Electric%20Bike%22%2C%22s%22%3A%22qp_nw%22%2C%22osf%22%3A%22category_navigate%22%2C%22sg_search_params%22%3A%22on___%2528%2520prism_tag_id%253A%25271000564035%2527%2520%2529%22%2C%22guide_trace%22%3A%22a6c6fa0f-b49e-4602-bb6c-283328890ae2%22%2C%22scene_id%22%3A%2232124%22%2C%22searchBizScene%22%3A%22openSearch%22%2C%22recog_lang%22%3A%22en%22%2C%22bizScene%22%3A%22category_navigate%22%2C%22guideModule%22%3A%22category_navigate_vertical%22%2C%22postCatIds%22%3A%2218%2C201768104%2C150401%2C100005769%22%2C%22scene%22%3A%22category_navigate%22%7D&isFromCategory=y
https://www.aliexpress.us/w/wholesale-Camping-Chair.html?categoryUrlParams=%7B%22q%22%3A%22Camping%20Chair%22%2C%22s%22%3A%22qp_nw%22%2C%22osf%22%3A%22category_navigate%22%2C%22sg_search_params%22%3A%22on___%2528%2520prism_tag_id%253A%25271000393405%2527%2520%2529%22%2C%22guide_trace%22%3A%22a6c6fa0f-b49e-4602-bb6c-283328890ae2%22%2C%22scene_id%22%3A%2232124%22%2C%22searchBizScene%22%3A%22openSearch%22%2C%22recog_lang%22%3A%22en%22%2C%22bizScene%22%3A%22category_navigate%22%2C%22guideModule%22%3A%22category_navigate_vertical%22%2C%22postCatIds%22%3A%2218%2C201768104%2C150401%2C100005769%22%2C%22scene%22%3A%22category_navigate%22%7D&isFromCategory=y
https://www.aliexpress.us/w/wholesale-Fishing-Float.html?categoryUrlParams=%7B%22q%22%3A%22Fishing%20Float%22%2C%22s%22%3A%22qp_nw%22%2C%22osf%22%3A%22category_navigate%22%2C%22sg_search_params%22%3A%22on___%2528%2520prism_tag_id%253A%25271000393245%2527%2520%2529%22%2C%22guide_trace%22%3A%22a6c6fa0f-b49e-4602-bb6c-283328890ae2%22%2C%22scene_id%22%3A%2232124%22%2C%22searchBizScene%22%3A%22openSearch%22%2C%22recog_lang%22%3A%22en%22%2C%22bizScene%22%3A%22category_navigate%22%2C%22guideModule%22%3A%22category_navigate_vertical%22%2C%22postCatIds%22%3A%2218%2C201768104%2C150401%2C100005769%22%2C%22scene%22%3A%22category_navigate%22%7D&isFromCategory=y
https://www.aliexpress.us/w/wholesale-Singing-Bowl.html?categoryUrlParams=%7B%22q%22%3A%22Singing%20Bowl%22%2C%22s%22%3A%22qp_nw%22%2C%22osf%22%3A%22category_navigate%22%2C%22sg_search_params%22%3A%22on___%2528%2520prism_tag_id%253A%25271000396216%2527%2520%2529%22%2C%22guide_trace%22%3A%22a6c6fa0f-b49e-4602-bb6c-283328890ae2%22%2C%22scene_id%22%3A%2232124%22%2C%22searchBizScene%22%3A%22openSearch%22%2C%22recog_lang%22%3A%22en%22%2C%22bizScene%22%3A%22category_navigate%22%2C%22guideModule%22%3A%22category_navigate_vertical%22%2C%22postCatIds%22%3A%2218%2C201768104%2C150401%2C100005769%22%2C%22scene%22%3A%22category_navigate%22%7D&isFromCategory=y
https://www.aliexpress.us/w/wholesale-Flashing-Roller.html?categoryUrlParams=%7B%22q%22%3A%22Flashing%20Roller%22%2C%22s%22%3A%22qp_nw%22%2C%22osf%22%3A%22category_navigate%22%2C%22sg_search_params%22%3A%22on___%2528%2520prism_tag_id%253A%25271000396252%2527%2520%2529%22%2C%22guide_trace%22%3A%22a6c6fa0f-b49e-4602-bb6c-283328890ae2%22%2C%22scene_id%22%3A%2232124%22%2C%22searchBizScene%22%3A%22openSearch%22%2C%22recog_lang%22%3A%22en%22%2C%22bizScene%22%3A%22category_navigate%22%2C%22guideModule%22%3A%22category_navigate_vertical%22%2C%22postCatIds%22%3A%2218%2C201768104%2C150401%2C100005769%22%2C%22scene%22%3A%22category_navigate%22%7D&isFromCategory=y
https://www.aliexpress.us/w/wholesale-Paracord.html?spm=a2g0o.categorymp.0.0.6b96qQ1pqQ1pCC&categoryUrlParams=%7B%22q%22%3A%22Paracord%22%2C%22s%22%3A%22qp_nw%22%2C%22osf%22%3A%22category_navigate%22%2C%22sg_search_params%22%3A%22on___%2528%2520prism_tag_id%253A%25271000396169%2527%2520%2529%22%2C%22guide_trace%22%3A%22a6c6fa0f-b49e-4602-bb6c-283328890ae2%22%2C%22scene_id%22%3A%2232124%22%2C%22searchBizScene%22%3A%22openSearch%22%2C%22recog_lang%22%3A%22en%22%2C%22bizScene%22%3A%22category_navigate%22%2C%22guideModule%22%3A%22category_navigate_vertical%22%2C%22postCatIds%22%3A%2218%2C201768104%2C150401%2C100005769%22%2C%22scene%22%3A%22category_navigate%22%7D&isFromCategory=y
https://www.aliexpress.us/w/wholesale-Skiing-Helmets.html?spm=a2g0o.categorymp.0.0.6b96qQ1pqQ1pCC&categoryUrlParams=%7B%22q%22%3A%22Skiing%20Helmets%22%2C%22s%22%3A%22qp_nw%22%2C%22osf%22%3A%22category_navigate%22%2C%22sg_search_params%22%3A%22on___%2528%2520prism_tag_id%253A%25271000396286%2527%2520%2529%22%2C%22guide_trace%22%3A%22a6c6fa0f-b49e-4602-bb6c-283328890ae2%22%2C%22scene_id%22%3A%2232124%22%2C%22searchBizScene%22%3A%22openSearch%22%2C%22recog_lang%22%3A%22en%22%2C%22bizScene%22%3A%22category_navigate%22%2C%22guideModule%22%3A%22category_navigate_vertical%22%2C%22postCatIds%22%3A%2218%2C201768104%2C150401%2C100005769%22%2C%22scene%22%3A%22category_navigate%22%7D&isFromCategory=y
https://www.aliexpress.us/w/wholesale-Guitar-Effects.html?spm=a2g0o.categorymp.0.0.6b96qQ1pqQ1pCC&categoryUrlParams=%7B%22q%22%3A%22Guitar%20Effects%22%2C%22s%22%3A%22qp_nw%22%2C%22osf%22%3A%22category_navigate%22%2C%22sg_search_params%22%3A%22on___%2528%2520prism_tag_id%253A%25271000396206%2527%2520%2529%22%2C%22guide_trace%22%3A%22a6c6fa0f-b49e-4602-bb6c-283328890ae2%22%2C%22scene_id%22%3A%2232124%22%2C%22searchBizScene%22%3A%22openSearch%22%2C%22recog_lang%22%3A%22en%22%2C%22bizScene%22%3A%22category_navigate%22%2C%22guideModule%22%3A%22category_navigate_vertical%22%2C%22postCatIds%22%3A%2218%2C201768104%2C150401%2C100005769%22%2C%22scene%22%3A%22category_navigate%22%7D&isFromCategory=y
https://www.aliexpress.us/w/wholesale-Travel-Kits.html?spm=a2g0o.categorymp.0.0.6b96qQ1pqQ1pCC&categoryUrlParams=%7B%22q%22%3A%22Travel%20Kits%22%2C%22s%22%3A%22qp_nw%22%2C%22osf%22%3A%22category_navigate%22%2C%22sg_search_params%22%3A%22on___%2528%2520prism_tag_id%253A%25271000393450%2527%2520%2529%22%2C%22guide_trace%22%3A%22a6c6fa0f-b49e-4602-bb6c-283328890ae2%22%2C%22scene_id%22%3A%2232124%22%2C%22searchBizScene%22%3A%22openSearch%22%2C%22recog_lang%22%3A%22en%22%2C%22bizScene%22%3A%22category_navigate%22%2C%22guideModule%22%3A%22category_navigate_vertical%22%2C%22postCatIds%22%3A%2218%2C201768104%2C150401%2C100005769%22%2C%22scene%22%3A%22category_navigate%22%7D&isFromCategory=y
https://www.aliexpress.us/w/wholesale-Two-Person-Tent.html?spm=a2g0o.categorymp.0.0.6b96qQ1pqQ1pCC&categoryUrlParams=%7B%22q%22%3A%22Two%20Person%20Tent%22%2C%22s%22%3A%22qp_nw%22%2C%22osf%22%3A%22category_navigate%22%2C%22sg_search_params%22%3A%22on___%2528%2520prism_tag_id%253A%25271000393451%2527%2520%2529%22%2C%22guide_trace%22%3A%22a6c6fa0f-b49e-4602-bb6c-283328890ae2%22%2C%22scene_id%22%3A%2232124%22%2C%22searchBizScene%22%3A%22openSearch%22%2C%22recog_lang%22%3A%22en%22%2C%22bizScene%22%3A%22category_navigate%22%2C%22guideModule%22%3A%22category_navigate_vertical%22%2C%22postCatIds%22%3A%2218%2C201768104%2C150401%2C100005769%22%2C%22scene%22%3A%22category_navigate%22%7D&isFromCategory=y
https://www.aliexpress.us/w/wholesale-Saxophone.html?spm=a2g0o.categorymp.0.0.6b96qQ1pqQ1pCC&categoryUrlParams=%7B%22q%22%3A%22Saxophone%22%2C%22s%22%3A%22qp_nw%22%2C%22osf%22%3A%22category_navigate%22%2C%22sg_search_params%22%3A%22on___%2528%2520prism_tag_id%253A%25271000396212%2527%2520%2529%22%2C%22guide_trace%22%3A%22a6c6fa0f-b49e-4602-bb6c-283328890ae2%22%2C%22scene_id%22%3A%2232124%22%2C%22searchBizScene%22%3A%22openSearch%22%2C%22recog_lang%22%3A%22en%22%2C%22bizScene%22%3A%22category_navigate%22%2C%22guideModule%22%3A%22category_navigate_vertical%22%2C%22postCatIds%22%3A%2218%2C201768104%2C150401%2C100005769%22%2C%22scene%22%3A%22category_navigate%22%7D&isFromCategory=y
https://www.aliexpress.us/w/wholesale-Flamenco.html?spm=a2g0o.categorymp.0.0.6b96qQ1pqQ1pCC&categoryUrlParams=%7B%22q%22%3A%22Flamenco%22%2C%22s%22%3A%22qp_nw%22%2C%22osf%22%3A%22category_navigate%22%2C%22sg_search_params%22%3A%22on___%2528%2520prism_tag_id%253A%25271000393231%2527%2520%2529%22%2C%22guide_trace%22%3A%22a6c6fa0f-b49e-4602-bb6c-283328890ae2%22%2C%22scene_id%22%3A%2232124%22%2C%22searchBizScene%22%3A%22openSearch%22%2C%22recog_lang%22%3A%22en%22%2C%22bizScene%22%3A%22category_navigate%22%2C%22guideModule%22%3A%22category_navigate_vertical%22%2C%22postCatIds%22%3A%2218%2C201768104%2C150401%2C100005769%22%2C%22scene%22%3A%22category_navigate%22%7D&isFromCategory=y
https://www.aliexpress.us/w/wholesale-Hair-Styling-Appliances.html?spm=a2g0o.categorymp.0.0.6377fV1ZfV1Z6t&categoryUrlParams=%7B%22q%22%3A%22Hair%20Styling%20Appliances%22%2C%22s%22%3A%22qp_nw%22%2C%22osf%22%3A%22category_navigate%22%2C%22sg_search_params%22%3A%22on___%2528%2520prism_tag_id%253A%25271000561965%2527%2520%2529%22%2C%22guide_trace%22%3A%22696d2be6-193b-434c-af13-bd4dc45c91ba%22%2C%22scene_id%22%3A%2232124%22%2C%22searchBizScene%22%3A%22openSearch%22%2C%22recog_lang%22%3A%22en%22%2C%22bizScene%22%3A%22category_navigate%22%2C%22guideModule%22%3A%22category_navigate_vertical%22%2C%22postCatIds%22%3A%2266%22%2C%22scene%22%3A%22category_navigate%22%7D&isFromCategory=y
https://www.aliexpress.us/w/wholesale-Hair-Growth-Products.html?spm=a2g0o.categorymp.0.0.6377fV1ZfV1Z6t&categoryUrlParams=%7B%22q%22%3A%22Hair%20Growth%20Products%22%2C%22s%22%3A%22qp_nw%22%2C%22osf%22%3A%22category_navigate%22%2C%22sg_search_params%22%3A%22on___%2528%2520prism_tag_id%253A%25271000386536%2527%2520%2529%22%2C%22guide_trace%22%3A%22696d2be6-193b-434c-af13-bd4dc45c91ba%22%2C%22scene_id%22%3A%2232124%22%2C%22searchBizScene%22%3A%22openSearch%22%2C%22recog_lang%22%3A%22en%22%2C%22bizScene%22%3A%22category_navigate%22%2C%22guideModule%22%3A%22category_navigate_vertical%22%2C%22postCatIds%22%3A%2266%22%2C%22scene%22%3A%22category_navigate%22%7D&isFromCategory=y
https://www.aliexpress.us/w/wholesale-Tattoo-Kits.html?spm=a2g0o.categorymp.0.0.6377fV1ZfV1Z6t&categoryUrlParams=%7B%22q%22%3A%22Tattoo%20Kits%22%2C%22s%22%3A%22qp_nw%22%2C%22osf%22%3A%22category_navigate%22%2C%22sg_search_params%22%3A%22on___%2528%2520prism_tag_id%253A%25271000386214%2527%2520%2529%22%2C%22guide_trace%22%3A%22696d2be6-193b-434c-af13-bd4dc45c91ba%22%2C%22scene_id%22%3A%2232124%22%2C%22searchBizScene%22%3A%22openSearch%22%2C%22recog_lang%22%3A%22en%22%2C%22bizScene%22%3A%22category_navigate%22%2C%22guideModule%22%3A%22category_navigate_vertical%22%2C%22postCatIds%22%3A%2266%22%2C%22scene%22%3A%22category_navigate%22%7D&isFromCategory=y
https://www.aliexpress.us/w/wholesale-Tattoo-Accesories.html?spm=a2g0o.categorymp.0.0.6377fV1ZfV1Z6t&categoryUrlParams=%7B%22q%22%3A%22Tattoo%20Accesories%22%2C%22s%22%3A%22qp_nw%22%2C%22osf%22%3A%22category_navigate%22%2C%22sg_search_params%22%3A%22on___%2528%2520prism_tag_id%253A%25271000386182%2527%2520%2529%22%2C%22guide_trace%22%3A%22696d2be6-193b-434c-af13-bd4dc45c91ba%22%2C%22scene_id%22%3A%2232124%22%2C%22searchBizScene%22%3A%22openSearch%22%2C%22recog_lang%22%3A%22en%22%2C%22bizScene%22%3A%22category_navigate%22%2C%22guideModule%22%3A%22category_navigate_vertical%22%2C%22postCatIds%22%3A%2266%22%2C%22scene%22%3A%22category_navigate%22%7D&isFromCategory=y
https://www.aliexpress.us/w/wholesale-Makeup-Brushes-%26-Tools.html?spm=a2g0o.categorymp.0.0.6377fV1ZfV1Z6t&categoryUrlParams=%7B%22q%22%3A%22Makeup%20Brushes%20%26%20Tools%22%2C%22s%22%3A%22qp_nw%22%2C%22osf%22%3A%22category_navigate%22%2C%22sg_search_params%22%3A%22on___%2528%2520prism_tag_id%253A%25271000562105%2527%2520%2529%22%2C%22guide_trace%22%3A%22696d2be6-193b-434c-af13-bd4dc45c91ba%22%2C%22scene_id%22%3A%2232124%22%2C%22searchBizScene%22%3A%22openSearch%22%2C%22recog_lang%22%3A%22en%22%2C%22bizScene%22%3A%22category_navigate%22%2C%22guideModule%22%3A%22category_navigate_vertical%22%2C%22postCatIds%22%3A%2266%22%2C%22scene%22%3A%22category_navigate%22%7D&isFromCategory=y
https://www.aliexpress.us/w/wholesale-Permanent-Makeup-Machine.html?spm=a2g0o.categorymp.0.0.6377fV1ZfV1Z6t&categoryUrlParams=%7B%22q%22%3A%22Permanent%20Makeup%20Machine%22%2C%22s%22%3A%22qp_nw%22%2C%22osf%22%3A%22category_navigate%22%2C%22sg_search_params%22%3A%22on___%2528%2520prism_tag_id%253A%25271000386176%2527%2520%2529%22%2C%22guide_trace%22%3A%22696d2be6-193b-434c-af13-bd4dc45c91ba%22%2C%22scene_id%22%3A%2232124%22%2C%22searchBizScene%22%3A%22openSearch%22%2C%22recog_lang%22%3A%22en%22%2C%22bizScene%22%3A%22category_navigate%22%2C%22guideModule%22%3A%22category_navigate_vertical%22%2C%22postCatIds%22%3A%2266%22%2C%22scene%22%3A%22category_navigate%22%7D&isFromCategory=y
https://www.aliexpress.us/w/wholesale-Eye-Massage-Instrument.html?spm=a2g0o.categorymp.0.0.6377fV1ZfV1Z6t&categoryUrlParams=%7B%22q%22%3A%22Eye%20Massage%20Instrument%22%2C%22s%22%3A%22qp_nw%22%2C%22osf%22%3A%22category_navigate%22%2C%22sg_search_params%22%3A%22on___%2528%2520prism_tag_id%253A%25271000385969%2527%2520%2529%22%2C%22guide_trace%22%3A%22696d2be6-193b-434c-af13-bd4dc45c91ba%22%2C%22scene_id%22%3A%2232124%22%2C%22searchBizScene%22%3A%22openSearch%22%2C%22recog_lang%22%3A%22en%22%2C%22bizScene%22%3A%22category_navigate%22%2C%22guideModule%22%3A%22category_navigate_vertical%22%2C%22postCatIds%22%3A%2266%22%2C%22scene%22%3A%22category_navigate%22%7D&isFromCategory=y
https://www.aliexpress.us/w/wholesale-Eyes.html?spm=a2g0o.categorymp.0.0.6377fV1ZfV1Z6t&categoryUrlParams=%7B%22q%22%3A%22Eyes%22%2C%22s%22%3A%22qp_nw%22%2C%22osf%22%3A%22category_navigate%22%2C%22sg_search_params%22%3A%22on___%2528%2520prism_tag_id%253A%25271000561919%2527%2520%2529%22%2C%22guide_trace%22%3A%22696d2be6-193b-434c-af13-bd4dc45c91ba%22%2C%22scene_id%22%3A%2232124%22%2C%22searchBizScene%22%3A%22openSearch%22%2C%22recog_lang%22%3A%22en%22%2C%22bizScene%22%3A%22category_navigate%22%2C%22guideModule%22%3A%22category_navigate_vertical%22%2C%22postCatIds%22%3A%2266%22%2C%22scene%22%3A%22category_navigate%22%7D&isFromCategory=y
https://www.aliexpress.us/w/wholesale-Face.html?spm=a2g0o.categorymp.0.0.6377fV1ZfV1Z6t&categoryUrlParams=%7B%22q%22%3A%22Face%22%2C%22s%22%3A%22qp_nw%22%2C%22osf%22%3A%22category_navigate%22%2C%22sg_search_params%22%3A%22on___%2528%2520prism_tag_id%253A%25271000386105%2527%2520%2529%22%2C%22guide_trace%22%3A%22696d2be6-193b-434c-af13-bd4dc45c91ba%22%2C%22scene_id%22%3A%2232124%22%2C%22searchBizScene%22%3A%22openSearch%22%2C%22recog_lang%22%3A%22en%22%2C%22bizScene%22%3A%22category_navigate%22%2C%22guideModule%22%3A%22category_navigate_vertical%22%2C%22postCatIds%22%3A%2266%22%2C%22scene%22%3A%22category_navigate%22%7D&isFromCategory=y
https://www.aliexpress.us/w/wholesale-Tattoo-Needles.html?spm=a2g0o.categorymp.0.0.6377fV1ZfV1Z6t&categoryUrlParams=%7B%22q%22%3A%22Tattoo%20Needles%22%2C%22s%22%3A%22qp_nw%22%2C%22osf%22%3A%22category_navigate%22%2C%22sg_search_params%22%3A%22on___%2528%2520prism_tag_id%253A%25271000386230%2527%2520%2529%22%2C%22guide_trace%22%3A%22696d2be6-193b-434c-af13-bd4dc45c91ba%22%2C%22scene_id%22%3A%2232124%22%2C%22searchBizScene%22%3A%22openSearch%22%2C%22recog_lang%22%3A%22en%22%2C%22bizScene%22%3A%22category_navigate%22%2C%22guideModule%22%3A%22category_navigate_vertical%22%2C%22postCatIds%22%3A%2266%22%2C%22scene%22%3A%22category_navigate%22%7D&isFromCategory=y
https://www.aliexpress.us/w/wholesale-False-Eyelashes-%26-Tools.html?spm=a2g0o.categorymp.0.0.6377fV1ZfV1Z6t&categoryUrlParams=%7B%22q%22%3A%22False%20Eyelashes%20%26%20Tools%22%2C%22s%22%3A%22qp_nw%22%2C%22osf%22%3A%22category_navigate%22%2C%22sg_search_params%22%3A%22on___%2528%2520prism_tag_id%253A%25271000562145%2527%2520%2529%22%2C%22guide_trace%22%3A%22696d2be6-193b-434c-af13-bd4dc45c91ba%22%2C%22scene_id%22%3A%2232124%22%2C%22searchBizScene%22%3A%22openSearch%22%2C%22recog_lang%22%3A%22en%22%2C%22bizScene%22%3A%22category_navigate%22%2C%22guideModule%22%3A%22category_navigate_vertical%22%2C%22postCatIds%22%3A%2266%22%2C%22scene%22%3A%22category_navigate%22%7D&isFromCategory=y
https://www.aliexpress.us/w/wholesale-Tattoo-Inks.html?spm=a2g0o.categorymp.0.0.6377fV1ZfV1Z6t&categoryUrlParams=%7B%22q%22%3A%22Tattoo%20Inks%22%2C%22s%22%3A%22qp_nw%22%2C%22osf%22%3A%22category_navigate%22%2C%22sg_search_params%22%3A%22on___%2528%2520prism_tag_id%253A%25271000386207%2527%2520%2529%22%2C%22guide_trace%22%3A%22696d2be6-193b-434c-af13-bd4dc45c91ba%22%2C%22scene_id%22%3A%2232124%22%2C%22searchBizScene%22%3A%22openSearch%22%2C%22recog_lang%22%3A%22en%22%2C%22bizScene%22%3A%22category_navigate%22%2C%22guideModule%22%3A%22category_navigate_vertical%22%2C%22postCatIds%22%3A%2266%22%2C%22scene%22%3A%22category_navigate%22%7D&isFromCategory=y
https://www.aliexpress.us/w/wholesale-Night-Lights.html?spm=a2g0o.categorymp.0.0.7a65Dx3cDx3cGa&categoryUrlParams=%7B%22q%22%3A%22Night%20Lights%22%2C%22s%22%3A%22qp_nw%22%2C%22osf%22%3A%22category_navigate%22%2C%22sg_search_params%22%3A%22on___%2528%2520prism_tag_id%253A%25271000568083%2527%2520%2529%22%2C%22guide_trace%22%3A%22b295e3c7-b753-4662-a20f-d8d913dcddbb%22%2C%22scene_id%22%3A%2232124%22%2C%22searchBizScene%22%3A%22openSearch%22%2C%22recog_lang%22%3A%22en%22%2C%22bizScene%22%3A%22category_navigate%22%2C%22guideModule%22%3A%22category_navigate_vertical%22%2C%22postCatIds%22%3A%2213%2C39%2C1420%2C44%2C30%22%2C%22scene%22%3A%22category_navigate%22%7D&isFromCategory=y
https://www.aliexpress.us/w/wholesale-Porch%2C-Lights.html?spm=a2g0o.categorymp.0.0.7a65Dx3cDx3cGa&categoryUrlParams=%7B%22q%22%3A%22Porch%2C%20Lights%22%2C%22s%22%3A%22qp_nw%22%2C%22osf%22%3A%22category_navigate%22%2C%22sg_search_params%22%3A%22on___%2528%2520prism_tag_id%253A%25271000568107%2527%2520%2529%22%2C%22guide_trace%22%3A%22b295e3c7-b753-4662-a20f-d8d913dcddbb%22%2C%22scene_id%22%3A%2232124%22%2C%22searchBizScene%22%3A%22openSearch%22%2C%22recog_lang%22%3A%22en%22%2C%22bizScene%22%3A%22category_navigate%22%2C%22guideModule%22%3A%22category_navigate_vertical%22%2C%22postCatIds%22%3A%2213%2C39%2C1420%2C44%2C30%22%2C%22scene%22%3A%22category_navigate%22%7D&isFromCategory=y
https://www.aliexpress.us/w/wholesale-Microscope-Parts-%26-Accessories.html?spm=a2g0o.categorymp.0.0.7a65Dx3cDx3cGa&categoryUrlParams=%7B%22q%22%3A%22Microscope%20Parts%20%26%20Accessories%22%2C%22s%22%3A%22qp_nw%22%2C%22osf%22%3A%22category_navigate%22%2C%22sg_search_params%22%3A%22on___%2528%2520prism_tag_id%253A%25271000395560%2527%2520%2529%22%2C%22guide_trace%22%3A%22b295e3c7-b753-4662-a20f-d8d913dcddbb%22%2C%22scene_id%22%3A%2232124%22%2C%22searchBizScene%22%3A%22openSearch%22%2C%22recog_lang%22%3A%22en%22%2C%22bizScene%22%3A%22category_navigate%22%2C%22guideModule%22%3A%22category_navigate_vertical%22%2C%22postCatIds%22%3A%2213%2C39%2C1420%2C44%2C30%22%2C%22scene%22%3A%22category_navigate%22%7D&isFromCategory=y
https://www.aliexpress.us/w/wholesale-Laser-Level.html?spm=a2g0o.categorymp.0.0.7a65Dx3cDx3cGa&categoryUrlParams=%7B%22q%22%3A%22Laser%20Level%22%2C%22s%22%3A%22qp_nw%22%2C%22osf%22%3A%22category_navigate%22%2C%22sg_search_params%22%3A%22on___%2528%2520prism_tag_id%253A%25271000395556%2527%2520%2529%22%2C%22guide_trace%22%3A%22b295e3c7-b753-4662-a20f-d8d913dcddbb%22%2C%22scene_id%22%3A%2232124%22%2C%22searchBizScene%22%3A%22openSearch%22%2C%22recog_lang%22%3A%22en%22%2C%22bizScene%22%3A%22category_navigate%22%2C%22guideModule%22%3A%22category_navigate_vertical%22%2C%22postCatIds%22%3A%2213%2C39%2C1420%2C44%2C30%22%2C%22scene%22%3A%22category_navigate%22%7D&isFromCategory=y
https://www.aliexpress.us/w/wholesale-Garden-Tools.html?spm=a2g0o.categorymp.0.0.7a65Dx3cDx3cGa&categoryUrlParams=%7B%22q%22%3A%22Garden%20Tools%22%2C%22s%22%3A%22qp_nw%22%2C%22osf%22%3A%22category_navigate%22%2C%22sg_search_params%22%3A%22on___%2528%2520prism_tag_id%253A%25271000395550%2527%2520%2529%22%2C%22guide_trace%22%3A%22b295e3c7-b753-4662-a20f-d8d913dcddbb%22%2C%22scene_id%22%3A%2232124%22%2C%22searchBizScene%22%3A%22openSearch%22%2C%22recog_lang%22%3A%22en%22%2C%22bizScene%22%3A%22category_navigate%22%2C%22guideModule%22%3A%22category_navigate_vertical%22%2C%22postCatIds%22%3A%2213%2C39%2C1420%2C44%2C30%22%2C%22scene%22%3A%22category_navigate%22%7D&isFromCategory=y
https://www.aliexpress.us/w/wholesale-Laser-Rangefinders.html?spm=a2g0o.categorymp.0.0.7a65Dx3cDx3cGa&categoryUrlParams=%7B%22q%22%3A%22Laser%20Rangefinders%22%2C%22s%22%3A%22qp_nw%22%2C%22osf%22%3A%22category_navigate%22%2C%22sg_search_params%22%3A%22on___%2528%2520prism_tag_id%253A%25271000395566%2527%2520%2529%22%2C%22guide_trace%22%3A%22b295e3c7-b753-4662-a20f-d8d913dcddbb%22%2C%22scene_id%22%3A%2232124%22%2C%22searchBizScene%22%3A%22openSearch%22%2C%22recog_lang%22%3A%22en%22%2C%22bizScene%22%3A%22category_navigate%22%2C%22guideModule%22%3A%22category_navigate_vertical%22%2C%22postCatIds%22%3A%2213%2C39%2C1420%2C44%2C30%22%2C%22scene%22%3A%22category_navigate%22%7D&isFromCategory=y
https://www.aliexpress.us/w/wholesale-Analyzers.html?spm=a2g0o.categorymp.0.0.7a65Dx3cDx3cGa&categoryUrlParams=%7B%22q%22%3A%22Analyzers%22%2C%22s%22%3A%22qp_nw%22%2C%22osf%22%3A%22category_navigate%22%2C%22sg_search_params%22%3A%22on___%2528%2520prism_tag_id%253A%25271000395572%2527%2520%2529%22%2C%22guide_trace%22%3A%22b295e3c7-b753-4662-a20f-d8d913dcddbb%22%2C%22scene_id%22%3A%2232124%22%2C%22searchBizScene%22%3A%22openSearch%22%2C%22recog_lang%22%3A%22en%22%2C%22bizScene%22%3A%22category_navigate%22%2C%22guideModule%22%3A%22category_navigate_vertical%22%2C%22postCatIds%22%3A%2213%2C39%2C1420%2C44%2C30%22%2C%22scene%22%3A%22category_navigate%22%7D&isFromCategory=y
https://www.aliexpress.us/w/wholesale-Solar-Power.html?spm=a2g0o.categorymp.0.0.7a65Dx3cDx3cGa&categoryUrlParams=%7B%22q%22%3A%22Solar%20Power%22%2C%22s%22%3A%22qp_nw%22%2C%22osf%22%3A%22category_navigate%22%2C%22sg_search_params%22%3A%22on___%2528%2520prism_tag_id%253A%25271000386957%2527%2520%2529%22%2C%22guide_trace%22%3A%22b295e3c7-b753-4662-a20f-d8d913dcddbb%22%2C%22scene_id%22%3A%2232124%22%2C%22searchBizScene%22%3A%22openSearch%22%2C%22recog_lang%22%3A%22en%22%2C%22bizScene%22%3A%22category_navigate%22%2C%22guideModule%22%3A%22category_navigate_vertical%22%2C%22postCatIds%22%3A%2213%2C39%2C1420%2C44%2C30%22%2C%22scene%22%3A%22category_navigate%22%7D&isFromCategory=y
https://www.aliexpress.us/w/wholesale-Welding-Equipment.html?spm=a2g0o.categorymp.0.0.7a65Dx3cDx3cGa&categoryUrlParams=%7B%22q%22%3A%22Welding%20Equipment%22%2C%22s%22%3A%22qp_nw%22%2C%22osf%22%3A%22category_navigate%22%2C%22sg_search_params%22%3A%22on___%2528%2520prism_tag_id%253A%25271000395548%2527%2520%2529%22%2C%22guide_trace%22%3A%22b295e3c7-b753-4662-a20f-d8d913dcddbb%22%2C%22scene_id%22%3A%2232124%22%2C%22searchBizScene%22%3A%22openSearch%22%2C%22recog_lang%22%3A%22en%22%2C%22bizScene%22%3A%22category_navigate%22%2C%22guideModule%22%3A%22category_navigate_vertical%22%2C%22postCatIds%22%3A%2213%2C39%2C1420%2C44%2C30%22%2C%22scene%22%3A%22category_navigate%22%7D&isFromCategory=y
https://www.aliexpress.us/w/wholesale-Holiday-Lighting.html?spm=a2g0o.categorymp.0.0.7a65Dx3cDx3cGa&categoryUrlParams=%7B%22q%22%3A%22Holiday%20Lighting%22%2C%22s%22%3A%22qp_nw%22%2C%22osf%22%3A%22category_navigate%22%2C%22sg_search_params%22%3A%22on___%2528%2520prism_tag_id%253A%25271000568066%2527%2520%2529%22%2C%22guide_trace%22%3A%22b295e3c7-b753-4662-a20f-d8d913dcddbb%22%2C%22scene_id%22%3A%2232124%22%2C%22searchBizScene%22%3A%22openSearch%22%2C%22recog_lang%22%3A%22en%22%2C%22bizScene%22%3A%22category_navigate%22%2C%22guideModule%22%3A%22category_navigate_vertical%22%2C%22postCatIds%22%3A%2213%2C39%2C1420%2C44%2C30%22%2C%22scene%22%3A%22category_navigate%22%7D&isFromCategory=y
https://www.aliexpress.us/w/wholesale-Pendant-Lights.html?spm=a2g0o.categorymp.0.0.7a65Dx3cDx3cGa&categoryUrlParams=%7B%22q%22%3A%22Pendant%20Lights%22%2C%22s%22%3A%22qp_nw%22%2C%22osf%22%3A%22category_navigate%22%2C%22sg_search_params%22%3A%22on___%2528%2520prism_tag_id%253A%25271000568254%2527%2520%2529%22%2C%22guide_trace%22%3A%22b295e3c7-b753-4662-a20f-d8d913dcddbb%22%2C%22scene_id%22%3A%2232124%22%2C%22searchBizScene%22%3A%22openSearch%22%2C%22recog_lang%22%3A%22en%22%2C%22bizScene%22%3A%22category_navigate%22%2C%22guideModule%22%3A%22category_navigate_vertical%22%2C%22postCatIds%22%3A%2213%2C39%2C1420%2C44%2C30%22%2C%22scene%22%3A%22category_navigate%22%7D&isFromCategory=y
https://www.aliexpress.us/w/wholesale-Wall-Lamps.html?spm=a2g0o.categorymp.0.0.7a65Dx3cDx3cGa&categoryUrlParams=%7B%22q%22%3A%22Wall%20Lamps%22%2C%22s%22%3A%22qp_nw%22%2C%22osf%22%3A%22category_navigate%22%2C%22sg_search_params%22%3A%22on___%2528%2520prism_tag_id%253A%25271000568269%2527%2520%2529%22%2C%22guide_trace%22%3A%22b295e3c7-b753-4662-a20f-d8d913dcddbb%22%2C%22scene_id%22%3A%2232124%22%2C%22searchBizScene%22%3A%22openSearch%22%2C%22recog_lang%22%3A%22en%22%2C%22bizScene%22%3A%22category_navigate%22%2C%22guideModule%22%3A%22category_navigate_vertical%22%2C%22postCatIds%22%3A%2213%2C39%2C1420%2C44%2C30%22%2C%22scene%22%3A%22category_navigate%22%7D&isFromCategory=y
https://www.aliexpress.us/w/wholesale-Singing-Bowl.html?spm=a2g0o.categorymp.0.0.6b96ld20ld20aG&categoryUrlParams=%7B%22q%22%3A%22Singing%20Bowl%22%2C%22s%22%3A%22qp_nw%22%2C%22osf%22%3A%22category_navigate%22%2C%22sg_search_params%22%3A%22on___%2528%2520prism_tag_id%253A%25271000396216%2527%2520%2529%22%2C%22guide_trace%22%3A%228dd975ef-db29-444d-a40d-4474390343d8%22%2C%22scene_id%22%3A%2232124%22%2C%22searchBizScene%22%3A%22openSearch%22%2C%22recog_lang%22%3A%22en%22%2C%22bizScene%22%3A%22category_navigate%22%2C%22guideModule%22%3A%22category_navigate_vertical%22%2C%22postCatIds%22%3A%2218%2C201768104%2C150401%2C100005769%22%2C%22scene%22%3A%22category_navigate%22%7D&isFromCategory=y&_gl=1*1r2qtj5*_ga*MTUzMTA5MmEtNTlmNi00OTExLWFjMWUtODM3Yjg2M2ZlNGFmLjE3MDA5MjMyMTQ1NDY.*_ga_VED1YSGNC7*MTcwMDkyMzI3OS4xLjEuMTcwMDkyMzMyOC4xMS4wLjA.
https://www.aliexpress.us/w/wholesale-Flashing-Roller.html?spm=a2g0o.categorymp.0.0.6b96ld20ld20aG&categoryUrlParams=%7B%22q%22%3A%22Flashing%20Roller%22%2C%22s%22%3A%22qp_nw%22%2C%22osf%22%3A%22category_navigate%22%2C%22sg_search_params%22%3A%22on___%2528%2520prism_tag_id%253A%25271000396252%2527%2520%2529%22%2C%22guide_trace%22%3A%228dd975ef-db29-444d-a40d-4474390343d8%22%2C%22scene_id%22%3A%2232124%22%2C%22searchBizScene%22%3A%22openSearch%22%2C%22recog_lang%22%3A%22en%22%2C%22bizScene%22%3A%22category_navigate%22%2C%22guideModule%22%3A%22category_navigate_vertical%22%2C%22postCatIds%22%3A%2218%2C201768104%2C150401%2C100005769%22%2C%22scene%22%3A%22category_navigate%22%7D&isFromCategory=y&_gl=1*1r2qtj5*_ga*MTUzMTA5MmEtNTlmNi00OTExLWFjMWUtODM3Yjg2M2ZlNGFmLjE3MDA5MjMyMTQ1NDY.*_ga_VED1YSGNC7*MTcwMDkyMzI3OS4xLjEuMTcwMDkyMzMyOC4xMS4wLjA.
https://www.aliexpress.us/w/wholesale-Dolls.html?spm=a2g0o.categorymp.0.0.5181wqmdwqmdSK&categoryUrlParams=%7B%22q%22%3A%22Dolls%22%2C%22s%22%3A%22qp_nw%22%2C%22osf%22%3A%22category_navigate%22%2C%22sg_search_params%22%3A%22on___%2528%2520prism_tag_id%253A%25271000559929%2527%2520%2529%22%2C%22guide_trace%22%3A%228bcb13a4-acd9-4bef-bcce-e7a830f1adfb%22%2C%22scene_id%22%3A%2232124%22%2C%22searchBizScene%22%3A%22openSearch%22%2C%22recog_lang%22%3A%22en%22%2C%22bizScene%22%3A%22category_navigate%22%2C%22guideModule%22%3A%22category_navigate_vertical%22%2C%22postCatIds%22%3A%2226%2C100000310%22%2C%22scene%22%3A%22category_navigate%22%7D&isFromCategory=y
https://www.aliexpress.us/w/wholesale-Plush-Pillows.html?spm=a2g0o.categorymp.0.0.5181wqmdwqmdSK&categoryUrlParams=%7B%22q%22%3A%22Plush%20Pillows%22%2C%22s%22%3A%22qp_nw%22%2C%22osf%22%3A%22category_navigate%22%2C%22sg_search_params%22%3A%22on___%2528%2520prism_tag_id%253A%25271000393625%2527%2520%2529%22%2C%22guide_trace%22%3A%228bcb13a4-acd9-4bef-bcce-e7a830f1adfb%22%2C%22scene_id%22%3A%2232124%22%2C%22searchBizScene%22%3A%22openSearch%22%2C%22recog_lang%22%3A%22en%22%2C%22bizScene%22%3A%22category_navigate%22%2C%22guideModule%22%3A%22category_navigate_vertical%22%2C%22postCatIds%22%3A%2226%2C100000310%22%2C%22scene%22%3A%22category_navigate%22%7D&isFromCategory=y
https://www.aliexpress.us/w/wholesale-Baby-Rattles-%26-Mobiles.html?spm=a2g0o.categorymp.0.0.5181wqmdwqmdSK&categoryUrlParams=%7B%22q%22%3A%22Baby%20Rattles%20%26%20Mobiles%22%2C%22s%22%3A%22qp_nw%22%2C%22osf%22%3A%22category_navigate%22%2C%22sg_search_params%22%3A%22on___%2528%2520prism_tag_id%253A%25271000394368%2527%2520%2529%22%2C%22guide_trace%22%3A%228bcb13a4-acd9-4bef-bcce-e7a830f1adfb%22%2C%22scene_id%22%3A%2232124%22%2C%22searchBizScene%22%3A%22openSearch%22%2C%22recog_lang%22%3A%22en%22%2C%22bizScene%22%3A%22category_navigate%22%2C%22guideModule%22%3A%22category_navigate_vertical%22%2C%22postCatIds%22%3A%2226%2C100000310%22%2C%22scene%22%3A%22category_navigate%22%7D&isFromCategory=y
https://www.aliexpress.us/w/wholesale-Stuffed-%26-Plush-Plants.html?spm=a2g0o.categorymp.0.0.5181wqmdwqmdSK&categoryUrlParams=%7B%22q%22%3A%22Stuffed%20%26%20Plush%20Plants%22%2C%22s%22%3A%22qp_nw%22%2C%22osf%22%3A%22category_navigate%22%2C%22sg_search_params%22%3A%22on___%2528%2520prism_tag_id%253A%25271000393633%2527%2520%2529%22%2C%22guide_trace%22%3A%228bcb13a4-acd9-4bef-bcce-e7a830f1adfb%22%2C%22scene_id%22%3A%2232124%22%2C%22searchBizScene%22%3A%22openSearch%22%2C%22recog_lang%22%3A%22en%22%2C%22bizScene%22%3A%22category_navigate%22%2C%22guideModule%22%3A%22category_navigate_vertical%22%2C%22postCatIds%22%3A%2226%2C100000310%22%2C%22scene%22%3A%22category_navigate%22%7D&isFromCategory=y
https://www.aliexpress.us/w/wholesale-RC-Cars.html?spm=a2g0o.categorymp.0.0.5181wqmdwqmdSK&categoryUrlParams=%7B%22q%22%3A%22RC%20Cars%22%2C%22s%22%3A%22qp_nw%22%2C%22osf%22%3A%22category_navigate%22%2C%22sg_search_params%22%3A%22on___%2528%2520prism_tag_id%253A%25271000394350%2527%2520%2529%22%2C%22guide_trace%22%3A%228bcb13a4-acd9-4bef-bcce-e7a830f1adfb%22%2C%22scene_id%22%3A%2232124%22%2C%22searchBizScene%22%3A%22openSearch%22%2C%22recog_lang%22%3A%22en%22%2C%22bizScene%22%3A%22category_navigate%22%2C%22guideModule%22%3A%22category_navigate_vertical%22%2C%22postCatIds%22%3A%2226%2C100000310%22%2C%22scene%22%3A%22category_navigate%22%7D&isFromCategory=y
https://www.aliexpress.us/w/wholesale-Baby-%26-Kids'-Floats.html?spm=a2g0o.categorymp.0.0.5181wqmdwqmdSK&categoryUrlParams=%7B%22q%22%3A%22Baby%20%26%20Kids%27%20Floats%22%2C%22s%22%3A%22qp_nw%22%2C%22osf%22%3A%22category_navigate%22%2C%22sg_search_params%22%3A%22on___%2528%2520prism_tag_id%253A%25271000394322%2527%2520%2529%22%2C%22guide_trace%22%3A%228bcb13a4-acd9-4bef-bcce-e7a830f1adfb%22%2C%22scene_id%22%3A%2232124%22%2C%22searchBizScene%22%3A%22openSearch%22%2C%22recog_lang%22%3A%22en%22%2C%22bizScene%22%3A%22category_navigate%22%2C%22guideModule%22%3A%22category_navigate_vertical%22%2C%22postCatIds%22%3A%2226%2C100000310%22%2C%22scene%22%3A%22category_navigate%22%7D&isFromCategory=y
https://www.aliexpress.us/w/wholesale-Furniture-Toys.html?spm=a2g0o.categorymp.0.0.5181wqmdwqmdSK&categoryUrlParams=%7B%22q%22%3A%22Furniture%20Toys%22%2C%22s%22%3A%22qp_nw%22%2C%22osf%22%3A%22category_navigate%22%2C%22sg_search_params%22%3A%22on___%2528%2520prism_tag_id%253A%25271000393541%2527%2520%2529%22%2C%22guide_trace%22%3A%228bcb13a4-acd9-4bef-bcce-e7a830f1adfb%22%2C%22scene_id%22%3A%2232124%22%2C%22searchBizScene%22%3A%22openSearch%22%2C%22recog_lang%22%3A%22en%22%2C%22bizScene%22%3A%22category_navigate%22%2C%22guideModule%22%3A%22category_navigate_vertical%22%2C%22postCatIds%22%3A%2226%2C100000310%22%2C%22scene%22%3A%22category_navigate%22%7D&isFromCategory=y
https://www.aliexpress.us/w/wholesale-Toy-Sports.html?spm=a2g0o.categorymp.0.0.5181wqmdwqmdSK&categoryUrlParams=%7B%22q%22%3A%22Toy%20Sports%22%2C%22s%22%3A%22qp_nw%22%2C%22osf%22%3A%22category_navigate%22%2C%22sg_search_params%22%3A%22on___%2528%2520prism_tag_id%253A%25271000562490%2527%2520%2529%22%2C%22guide_trace%22%3A%228bcb13a4-acd9-4bef-bcce-e7a830f1adfb%22%2C%22scene_id%22%3A%2232124%22%2C%22searchBizScene%22%3A%22openSearch%22%2C%22recog_lang%22%3A%22en%22%2C%22bizScene%22%3A%22category_navigate%22%2C%22guideModule%22%3A%22category_navigate_vertical%22%2C%22postCatIds%22%3A%2226%2C100000310%22%2C%22scene%22%3A%22category_navigate%22%7D&isFromCategory=y
https://www.aliexpress.us/w/wholesale-Beads-Toys.html?spm=a2g0o.categorymp.0.0.5181wqmdwqmdSK&categoryUrlParams=%7B%22q%22%3A%22Beads%20Toys%22%2C%22s%22%3A%22qp_nw%22%2C%22osf%22%3A%22category_navigate%22%2C%22sg_search_params%22%3A%22on___%2528%2520prism_tag_id%253A%25271000394366%2527%2520%2529%22%2C%22guide_trace%22%3A%228bcb13a4-acd9-4bef-bcce-e7a830f1adfb%22%2C%22scene_id%22%3A%2232124%22%2C%22searchBizScene%22%3A%22openSearch%22%2C%22recog_lang%22%3A%22en%22%2C%22bizScene%22%3A%22category_navigate%22%2C%22guideModule%22%3A%22category_navigate_vertical%22%2C%22postCatIds%22%3A%2226%2C100000310%22%2C%22scene%22%3A%22category_navigate%22%7D&isFromCategory=y
https://www.aliexpress.us/w/wholesale-Swimming-Pool.html?spm=a2g0o.categorymp.0.0.5181wqmdwqmdSK&categoryUrlParams=%7B%22q%22%3A%22Swimming%20Pool%22%2C%22s%22%3A%22qp_nw%22%2C%22osf%22%3A%22category_navigate%22%2C%22sg_search_params%22%3A%22on___%2528%2520prism_tag_id%253A%25271000394326%2527%2520%2529%22%2C%22guide_trace%22%3A%228bcb13a4-acd9-4bef-bcce-e7a830f1adfb%22%2C%22scene_id%22%3A%2232124%22%2C%22searchBizScene%22%3A%22openSearch%22%2C%22recog_lang%22%3A%22en%22%2C%22bizScene%22%3A%22category_navigate%22%2C%22guideModule%22%3A%22category_navigate_vertical%22%2C%22postCatIds%22%3A%2226%2C100000310%22%2C%22scene%22%3A%22category_navigate%22%7D&isFromCategory=y
https://www.aliexpress.us/w/wholesale-Spinning-Top.html?spm=a2g0o.categorymp.0.0.5181wqmdwqmdSK&categoryUrlParams=%7B%22q%22%3A%22Spinning%20Top%22%2C%22s%22%3A%22qp_nw%22%2C%22osf%22%3A%22category_navigate%22%2C%22sg_search_params%22%3A%22on___%2528%2520prism_tag_id%253A%25271000394263%2527%2520%2529%22%2C%22guide_trace%22%3A%228bcb13a4-acd9-4bef-bcce-e7a830f1adfb%22%2C%22scene_id%22%3A%2232124%22%2C%22searchBizScene%22%3A%22openSearch%22%2C%22recog_lang%22%3A%22en%22%2C%22bizScene%22%3A%22category_navigate%22%2C%22guideModule%22%3A%22category_navigate_vertical%22%2C%22postCatIds%22%3A%2226%2C100000310%22%2C%22scene%22%3A%22category_navigate%22%7D&isFromCategory=y
https://www.aliexpress.us/w/wholesale-RC-Stunt-Car.html?spm=a2g0o.categorymp.0.0.5181wqmdwqmdSK&categoryUrlParams=%7B%22q%22%3A%22RC%20Stunt%20Car%22%2C%22s%22%3A%22qp_nw%22%2C%22osf%22%3A%22category_navigate%22%2C%22sg_search_params%22%3A%22on___%2528%2520prism_tag_id%253A%25271000394354%2527%2520%2529%22%2C%22guide_trace%22%3A%228bcb13a4-acd9-4bef-bcce-e7a830f1adfb%22%2C%22scene_id%22%3A%2232124%22%2C%22searchBizScene%22%3A%22openSearch%22%2C%22recog_lang%22%3A%22en%22%2C%22bizScene%22%3A%22category_navigate%22%2C%22guideModule%22%3A%22category_navigate_vertical%22%2C%22postCatIds%22%3A%2226%2C100000310%22%2C%22scene%22%3A%22category_navigate%22%7D&isFromCategory=y